fsq_id,location_name,name,poi_type,rating,price
4d245c43f39ca1439cca74b8,"001163 - Wardour Street, Soho",Soho Green,['Park'],,
4ba21d45f964a520b5dc37e3,"001163 - Wardour Street, Soho",Gerry's,"['Liquor Store', 'Wine Store']",,
c6ed6703e091472c49e2dffa,"001163 - Wardour Street, Soho",Play 2 Win,['Amusement Park'],,
63cc3ba09e414f402c10edb7,"001163 - Wardour Street, Soho",Play to Win,['Amusement Park'],,
4ad25c1bf964a52025e120e3,"001163 - Wardour Street, Soho",Duke of Wellington,"['Night Club', 'Cocktail Bar', 'Gay Bar']",,
cac32b58d3064281b5c1a3b5,"001163 - Wardour Street, Soho",Funland,"['Amusement Park', 'Arcade']",,
46e312acd7ff42e4216e02f4,"001163 - Wardour Street, Soho",Game One,['Amusement Park'],,
e94c242d22cb4469ca7bdcfc,"001163 - Wardour Street, Soho",Atlantic Amusements,['Amusement Park'],,
500589dfe4b03bef973ee81e,"001163 - Wardour Street, Soho",Burger & Lobster,"['Burger Joint', 'American Restaurant', 'Seafood Restaurant']",,
50659ee9e4b0105355bf4f90,"001163 - Wardour Street, Soho",Bone Daddies,['Ramen Restaurant'],,
54620fab498e04b020e22f14,"001008 - Hatton Wall, Holborn",Pulled,['Food Truck'],,
5f084f2bcd99cc4cc99205b3,"001008 - Hatton Wall, Holborn",NCP London Saffron Hill,['Parking'],,
4ac518bef964a520f2a220e3,"010632 - Kensington Town Hall, Kensington",Elephant & Castle,"['Pub', 'English Restaurant']",,
51a7090d501981ceef878532,"010632 - Kensington Town Hall, Kensington",Kensington Town Hall Car Park,['Parking'],,
5986f09201559a531f964094,"010624 - Strata, Elephant & Castle",Elephant Park,['Park'],,
4dd3c12fcc3f2f060f296dd3,"010624 - Strata, Elephant & Castle",St Mary's Churchyard,['Park'],,
5d338870862fc900082221d1,"010624 - Strata, Elephant & Castle",Pizzeria Pappagone,['Pizzeria'],,
57a5d526cd106ad94ad53e40,"010624 - Strata, Elephant & Castle",Pret a Manger,['Fast Food Restaurant'],,
4e8aff9f9a524097dc4ae04f,"010624 - Strata, Elephant & Castle",Playground,['Playground'],,
4c5ecec72815c9281c78b867,"010624 - Strata, Elephant & Castle",Michael Faraday Memorial,"['Monument', 'Sculpture Garden']",,
5e359481927f370008082178,"010624 - Strata, Elephant & Castle",Nue Ground Elephant & Castle,"['Café', 'Restaurant']",,
5ff0974b03b5f7338f3f94ba,"010624 - Strata, Elephant & Castle",The Nunhead Gardener,['Garden Center'],,
4c9b225478ffa0934b327275,"003429 - Abbey Orchard Street, Westminster",Christchurch Gardens,['Park'],,
4bf40516e5eba593f3211f90,"003429 - Abbey Orchard Street, Westminster",St Ermin's Hotel,['Hotel'],,
4b0c6aa1f964a520cd3c23e3,"003429 - Abbey Orchard Street, Westminster",Flat Cap Coffee Co,"['Café', 'Coffee Shop', 'Restaurant']",,
4ac518dff964a52001aa20e3,"003429 - Abbey Orchard Street, Westminster",Cinnamon Club,['Indian Restaurant'],,
4bed4c1e6e8c20a1ae1f7061,"003429 - Abbey Orchard Street, Westminster",The Laughing Halibut,['Fish and Chips Shop'],,
4b4e0847f964a520f2de26e3,"003429 - Abbey Orchard Street, Westminster",The Feathers,"['Arts and Entertainment', 'Pub', 'Restaurant']",,
4ad4e590f964a52089fc20e3,"003430 - Central House, Aldgate",Altab Ali Park,['Park'],,
55787600498eb83a27455813,"003430 - Central House, Aldgate",Pixxa,"['Pizzeria', 'Fast Food Restaurant', 'Italian Restaurant']",,
4b5a0c40f964a520e8a928e3,"003430 - Central House, Aldgate",Apples & Pears,"['Cocktail Bar', 'Wine Bar', 'Restaurant']",,
56d31ea6498e49c428d44702,"003430 - Central House, Aldgate",Big Moe's Diner,"['Diner', 'American Restaurant']",,
5a6b03b11213847e7327c221,"003430 - Central House, Aldgate",NCP London Whitechapel High St,['Parking'],,
4ae83e74f964a5204bae21e3,"001203 - Eastbourne Mews, Paddington",London Paddington Railway Station (PAD),['Rail Station'],,
4df46d4dfa76abc3d8706f12,"001203 - Eastbourne Mews, Paddington",Paddington Station Public Car Park,['Parking'],,
4bd6e9305631c9b6fa8ca630,"001104 - Claremont Square, Angel",Myddelton Square,['Park'],,
4c5eb5b694fd0f476ed8ce45,"001104 - Claremont Square, Angel",Saint Martin's Church Garden,['Park'],,
e5707be7c61b459d0b562011,"001104 - Claremont Square, Angel",Gameworld,['Amusement Park'],,
4c653793e0c4be9a4e798758,"001104 - Claremont Square, Angel",Delhi Grill,['Indian Restaurant'],,
5a63b227a35dce5151832090,"001104 - Claremont Square, Angel",Masigo,['Korean Restaurant'],,
54181f13498e21780ce72194,"001104 - Claremont Square, Angel",Sally Beauty,['Cosmetics Store'],,
4ac518f9f964a52012b020e3,"001019 - Ampton Street , Clerkenwell",Calthorpe Project,['Public and Social Service'],,
4ac518cff964a5206ba620e3,"001052 - Soho Square , Soho",Soho Square,"['Cocktail Bar', 'Wine Bar', 'Restaurant']",,
7ef8b368d4a146eb72085599,"001052 - Soho Square , Soho",Base,['Business and Professional Services'],,
4f303344e4b050b64c023d55,"001052 - Soho Square , Soho",10 Greek Street,"['Eastern European Restaurant', 'Modern European Restaurant']",,
500589dfe4b03bef973ee81e,"001052 - Soho Square , Soho",Burger & Lobster,"['Burger Joint', 'American Restaurant', 'Seafood Restaurant']",,
4b8d716cf964a5202dfc32e3,"001052 - Soho Square , Soho",L'Escargot,['French Restaurant'],,
562a7135498ed8212cc92e62,"001052 - Soho Square , Soho",68 & Boston,"['Cocktail Bar', 'Wine Bar', 'Restaurant']",,
4ad4bf4af964a52007e920e3,"001052 - Soho Square , Soho",The Nellie Dean,"['Beer Garden', 'Pub', 'Restaurant']",,
54b85235498ef9e5ee069d54,"001052 - Soho Square , Soho",Be at One,"['Cocktail Bar', 'Restaurant']",,
4edce907c2ee3cd644c79c65,"200026 - Greenland Road, Camden Town",BrewDog Camden,"['Beer Bar', 'Burger Joint']",,
4b6c2ba2f964a52078272ce3,"200026 - Greenland Road, Camden Town",The Blues Kitchen,"['Jazz and Blues Venue', 'Wine Bar', 'American Restaurant']",,
4cec1c920f196dcb70c55bae,"200026 - Greenland Road, Camden Town",Devonshire Arms,['Pub'],,
4ae84a8ff964a52083ae21e3,"200026 - Greenland Road, Camden Town",Camden Coffee House,"['Café', 'Coffee Shop']",,
626579705282f321c1b05c3d,"200026 - Greenland Road, Camden Town",YiFang Fruit Tea Camden Town,['Bubble Tea Shop'],,
552fa1b7498ebecc18a05c82,"200026 - Greenland Road, Camden Town",Istanblue Bistro Restaurant & Cafe,"['Bistro', 'Cafes, Coffee, and Tea Houses']",,
4c1516997f7f2d7f72d9e168,"001013 - St. Chad's Street, King's Cross",Argyle Square Gardens,['Park'],,
4acf786af964a520e6d320e3,"001013 - St. Chad's Street, King's Cross",King's Cross St. Pancras London Underground Station,['Transport Hub'],,
ff8259a5f2f148cc63f09c06,"022176 - Reardon Street, Wapping",Wapping Gardens,['Park'],,
5a848b777dc9e1675d4c81a2,"001080 - Great Tower Street, Monument",BrewDog Tower Hill,"['Beer Bar', 'Restaurant']",,
5d7d15b326647600071f96ee,"001080 - Great Tower Street, Monument",Philpot Lane Mice Sculpture,"['Public Art', 'Sculpture Garden']",,
4aeb7f26f964a520b0c221e3,"001080 - Great Tower Street, Monument",Proud Cabaret,"['Lounge', 'Gastropub', 'English Restaurant']",,
4be543e72468c92859d4ff42,"001080 - Great Tower Street, Monument",Fen Court Garden,['Sculpture Garden'],,
4ad8e61af964a520cc1521e3,"001089 - Queen's Gate (Central), South Kensington",Oddono's,['Ice Cream Parlor'],,
4f856657e4b0cd08a4893b3b,"001089 - Queen's Gate (Central), South Kensington",The Ampersand Hotel,['Hotel'],,
5834b3ea5da8f457fb1d8e84,"001089 - Queen's Gate (Central), South Kensington",CERU South Kensington,['Middle Eastern Restaurant'],,
4ac518bdf964a520cea220e3,"001089 - Queen's Gate (Central), South Kensington","The Hereford Arms, South Kensington",['Bar'],,
5ad6747d3fcee836cf24c1e6,"001089 - Queen's Gate (Central), South Kensington",Lemon Shisha Lounge,['Lounge'],,
51d19f21454a583f050964f6,"001089 - Queen's Gate (Central), South Kensington",South Kensington Builders,"['Carpenter', 'General Contractor']",,
4dca7acb2271a5cb224ba972,"003428 - Pancras Road, King's Cross",St Pancras Gardens,['Park'],,
4bd303c4b221c9b679a0d8d0,"003428 - Pancras Road, King's Cross",Camley Street Natural Park,['Nature Preserve'],,
4c3e362bb8b4be9adcd2cbef,"003428 - Pancras Road, King's Cross",Purchese Street Open Space,['Park'],,
4bcb0d0efb84c9b6ce0c1e3e,"003428 - Pancras Road, King's Cross",Polygon Road open space,['Park'],,
4e7c607ab803b97a5cd6e149,"003428 - Pancras Road, King's Cross",Kings Cross Dog Park,['Dog Park'],,
4dc6c34de4cd169dc66d289f,"001054 - East Road, Hoxton",Charles Square,['Landmarks and Outdoors'],,
4acf5df2f964a52042d320e3,"001054 - East Road, Hoxton",Old Fountain,"['Pub', 'Restaurant']",,
5a08ab31dec1d60b246b1ad9,"003436 - Derry Street, Kensington",Dishoom,['Indian Restaurant'],,
4baf60fff964a52080fb3be3,"003436 - Derry Street, Kensington",Montparnasse Cafe,"['Café', 'Coffee Shop', 'French Restaurant']",,
4ac518bef964a520f2a220e3,"003436 - Derry Street, Kensington",Elephant & Castle,"['Pub', 'English Restaurant']",,
4bd491d5cfa7b713aa5b24da,"003436 - Derry Street, Kensington",Prezzo,['Italian Restaurant'],,
51a7090d501981ceef878532,"003436 - Derry Street, Kensington",Kensington Town Hall Car Park,['Parking'],,
4be41f9c2457a59391c3a915,"001033 - Paddington Street, Marylebone",Paddington Street Gardens,['Playground'],,
4f8c0e4fe4b0e5ed76ce5083,"001033 - Paddington Street, Marylebone",Madame Tussauds 4D,['Movie Theater'],,
4adb3681f964a520f02421e3,"001033 - Paddington Street, Marylebone",The Marylebone,"['Cocktail Bar', 'Restaurant']",,
4e7b7a8fb0fb5921305bda23,"001033 - Paddington Street, Marylebone",Children's Playground,['Playground'],,
4f58aa907beb8a9809cf1afd,"001033 - Paddington Street, Marylebone",Q-Park Cramer Street,['Parking'],,
4affed13f964a5204b3a22e3,"002678 - Farm Street, Mayfair",Mount Street Gardens,['Urban Park'],,
0ec6a51659534af5f9b4e4da,"002678 - Farm Street, Mayfair",Berkeley Square Gardens,['Park'],,
4bfa6d138f32ef3bc5e004aa,"002678 - Farm Street, Mayfair",Berkeley Square,['Plaza'],,
5f9ae3e37bedd9494d7bb53c,"002678 - Farm Street, Mayfair",The Connaught Patisserie,"['Bakery', 'Cafes, Coffee, and Tea Houses', 'Restaurant']",,
4ac518bff964a52047a320e3,"002678 - Farm Street, Mayfair",Benares,['Indian Restaurant'],,
519133a7498e6e48d1dafb24,"002678 - Farm Street, Mayfair",Mr Fogg's Residence,"['Arts and Entertainment', 'Wine Bar', 'Restaurant']",,
4ad20635f964a520e5de20e3,"002678 - Farm Street, Mayfair",The Punch Bowl,"['Pub', 'Restaurant']",,
5a560d9c535d6f17c1b6ba63,"002678 - Farm Street, Mayfair",Berkeley Street Bar,['Cocktail Bar'],,
4acf1a99f964a5206bd220e3,"200119 - Dorothy Road, Clapham Junction",The Fox & Hounds,"['Pub', 'Restaurant']",,
4dbe7488fa8cee72737f868a,"300068 - Humbolt Road, Fulham",Bayonne Nursery School,['Nursery School'],,
4c151d52a1010f47c9764d18,"300068 - Humbolt Road, Fulham",Lillie Recreational Park,['Park'],,
4ac518d1f964a520dba620e3,"010627 - Grosvenor Square, Mayfair",Grosvenor Square,['Park'],,
5f9ae3e37bedd9494d7bb53c,"010627 - Grosvenor Square, Mayfair",The Connaught Patisserie,"['Bakery', 'Cafes, Coffee, and Tea Houses', 'Restaurant']",,
55a56f2d498e6c5476be4b0e,"010627 - Grosvenor Square, Mayfair",The Mayfair Chippy,"['Fish and Chips Shop', 'Seafood Restaurant']",,
5d9b5232f6332c0008578bbd,"010627 - Grosvenor Square, Mayfair",Mercato Metropolitano Mayfair,['Restaurant'],,
4c8a34649ef0224b958e587b,"010627 - Grosvenor Square, Mayfair",The Rifles Club,['Playground'],,
4ddf7ef4e4cde756db342f2f,"010627 - Grosvenor Square, Mayfair",11 September Memorial Garden,['Sculpture Garden'],,
61ace3fc95cad805b047e0eb,"010627 - Grosvenor Square, Mayfair",Ever After Garden,['Sculpture Garden'],,
4ac518d1f964a520d1a620e3,"003455 - Arundel Street, Temple",Temple Gardens,['Park'],,
4e2d5ca2d164223a6994f74c,"003455 - Arundel Street, Temple",Victoria Embankment Gardens Temple Section,['Landmarks and Outdoors'],,
4fbe85fae4b0a3912de5173e,"003455 - Arundel Street, Temple",Middle Temple Garden,['Park'],,
6120dbefddb0a10357cf0916,"003455 - Arundel Street, Temple",Dodge,['Amusement Park'],,
51a47a6b498ef989137fb56c,"002637 - Bermondsey Street, Bermondsey",St Mary Magdalen Church,['Cemetery'],,
70352b66056d48ed8a3548d3,"001081 - Liverpool Road (N1 Centre), Angel",Palace Amusements,['Amusement Park'],,
e5707be7c61b459d0b562011,"001081 - Liverpool Road (N1 Centre), Angel",Gameworld,['Amusement Park'],,
e4fe3ce0ce384665160f6450,"001081 - Liverpool Road (N1 Centre), Angel",Vegas,"['Amusement Park', 'Chinese Restaurant', 'Thai Restaurant']",,
4c653793e0c4be9a4e798758,"001081 - Liverpool Road (N1 Centre), Angel",Delhi Grill,['Indian Restaurant'],,
4ac518c4f964a52073a420e3,"001081 - Liverpool Road (N1 Centre), Angel",The Angelic,['Bar'],,
5516a9c8498ec1c4b3c0bbec,"001081 - Liverpool Road (N1 Centre), Angel",Culpeper Playground,['Playground'],,
4edba2bef790c045472b749d,"001081 - Liverpool Road (N1 Centre), Angel",Itsu,['Sushi Restaurant'],,
5a63b227a35dce5151832090,"001081 - Liverpool Road (N1 Centre), Angel",Masigo,['Korean Restaurant'],,
4b9d06fbf964a520978936e3,"001081 - Liverpool Road (N1 Centre), Angel",Vue Cinemas,['Movie Theater'],,
4bc2232d461576b050e97c32,"001081 - Liverpool Road (N1 Centre), Angel",The York,"['Pub', 'Restaurant']",,
4d874db002eb548156a067f5,"200048 - Page Street, Westminster",St John's Gardens,['Park'],,
4e4fd4b5ae6051db8dd12539,"200048 - Page Street, Westminster",Vincent Street Playground,['Playground'],,
5b7913b0acc5f5003420cece,"200048 - Page Street, Westminster",Art St Kitchen,['Restaurant'],,
4e79c7627d8bb7882ac76d1e,"200048 - Page Street, Westminster",Millbank Lounge at Mint Hotel Westminster,"['Lounge', 'Restaurant']",,
4e6a11ecb993d5439f086bbf,"300249 - Westminster Pier, Westminster",Parliament Terrace,['Park'],,
4ac518cef964a520f6a520e3,"300249 - Westminster Pier, Westminster",Big Ben (Elizabeth Tower),['Monument'],,
4adf3f57f964a520ad7821e3,"300249 - Westminster Pier, Westminster",Houses of Parliament and Westminster Abbey,['Capitol Building'],,
4ac518cdf964a520e9a520e3,"300032 - Victoria & Albert Museum, South Kensington",Science Museum,['Science Museum'],,
5a09cd46e075500ceb10e292,"300032 - Victoria & Albert Museum, South Kensington",Cast Courts,['Exhibit'],,
4ac518d1f964a520dda620e3,"000984 - Finsbury Circus, Liverpool Street",Finsbury Circus,['Urban Park'],,
58851ddb89151d20aae5d69d,"000984 - Finsbury Circus, Liverpool Street",South Place Chop House,['Dining and Drinking'],,
4ac518d1f964a520d0a620e3,"001079 - Endsleigh Gardens, Euston",Tavistock Square,['Park'],,
346ab83269bf41234ba9e24f,"001079 - Endsleigh Gardens, Euston",Tavistock Square,['Landmarks and Outdoors'],,
4c9dd2938afca093ca6cfa15,"001079 - Endsleigh Gardens, Euston",Euston Station Piazza,"['Plaza', 'Pedestrian Plaza']",,
4be920ba9a54a59317b70a11,"001136 - London Zoo,  The Regent's Park",Primrose Hill Playground,['Playground'],,
4ac51183f964a52048a020e3,"001136 - London Zoo,  The Regent's Park",ZSL London Zoo,['Arts and Entertainment'],,
4df46d4dfa76abc3d8706f12,"002585 - Orsett Terrace, Bayswater",Paddington Station Public Car Park,['Parking'],,
4bc07b6dabf49521b944bf93,"003486 - St. Luke's Church, Chelsea",St Luke's Garden,['Park'],,
4b4077d4f964a52068b825e3,"003486 - St. Luke's Church, Chelsea",St Luke's Playground,['Playground'],,
4bacb537f964a520a1053be3,"003486 - St. Luke's Church, Chelsea",The Chelsea Gardener,['Garden Center'],,
511381bbe4b0085c428ddd4e,"001227 - Devonshire Terrace, Bayswater",Southall Park Day Centre,['Park'],,
4b9e7c20f964a5200ee836e3,"001227 - Devonshire Terrace, Bayswater",Tukdin Flavours of Malaysia,"['Asian Restaurant', 'Malay Restaurant']",,
4ceabab88ef78cfac689a89b,"001227 - Devonshire Terrace, Bayswater",Hapimag Resort London,['Hotel'],,
4ac518b6f964a5201ca120e3,"001227 - Devonshire Terrace, Bayswater",Best Western Mornington Hotel London Hyde Park,['Hotel'],,
4ac518b6f964a520dda020e3,"001227 - Devonshire Terrace, Bayswater",The Paddington Hotel,['Hotel'],,
4ac518b6f964a520f2a020e3,"001227 - Devonshire Terrace, Bayswater",Corus Hotel Hyde Park,['Hotel'],,
4ba865cdf964a52084d939e3,"001227 - Devonshire Terrace, Bayswater",OYO Elysee Hotel,"['Bed and Breakfast', 'Hotel']",,
4ac518b6f964a520ffa020e3,"001227 - Devonshire Terrace, Bayswater",Commodore Hotel,['Hotel'],,
61138e945d183b4e6dea302e,"300213 - Monier Road, Hackney Wick",Barkney Wick,['Coffee Shop'],,
4b1fa2eef964a520922724e3,"003444 - Penywern Road, Earl's Court",Nando's,['Restaurant'],,
4cb16e10aef16dcb00aab954,"003444 - Penywern Road, Earl's Court",YHA London Earl's Court,"['Hostel', 'Hotel']",,
4fecbd82e4b0f29a11129aca,"003444 - Penywern Road, Earl's Court",The Courtyard,"['Sculpture Garden', 'Other Great Outdoors']",,
4bafa216f964a52006123ce3,"001059 - Albert Embankment, Vauxhall","Plaza on the River, London",['Lodging'],,
4be7f1dd88ed2d7f1e39cb1d,"001059 - Albert Embankment, Vauxhall",The Black Dog,['Pub'],,
4baf7ed7f964a52095043ce3,"001186 - Belvedere Road 1, South Bank",Southbank Skate Park,['Skate Park'],,
4db2fed55da3a76f441eb742,"001186 - Belvedere Road 1, South Bank",Queen Elizabeth Hall Roof Garden,['Roof Deck'],,
4d43210a7fb05481381d7279,"001186 - Belvedere Road 1, South Bank",The Green Room,"['Bar', 'English Restaurant']",,
538cd04c498e98c029af44bf,"001186 - Belvedere Road 1, South Bank",Doon Street Car Park,['Parking'],,
5e2d9a887594ce0008020c93,"001186 - Belvedere Road 1, South Bank",Apcoa Car Park,['Parking'],,
4bcc44fc937ca593e3c3aa92,"001026 - Roscoe Street, St. Luke's",Fortune Street Park,['Park'],,
4ac518eef964a52021ad20e3,"001026 - Roscoe Street, St. Luke's",Whitecross Street Market,"['Restaurant', 'Street Food Gathering']",,
4df214cf88772e1f814dd96b,"001026 - Roscoe Street, St. Luke's",Giddy Up Coffee,"['Coffee Shop', 'Restaurant']",,
4c36021404cbb71378f5ed0d,"001026 - Roscoe Street, St. Luke's",LSO St Luke's,"['Concert Hall', 'Music Venue', 'Theater']",,
4c43004cff711b8d77491405,"003502 - Palissy Street, Shoreditch",Arnold Circus,['Monument'],,
501ad602e4b0d73e26d6be2f,"003502 - Palissy Street, Shoreditch",Virginia Garden,['Park'],,
4ac518bbf964a5200ca220e3,"003502 - Palissy Street, Shoreditch",Beigel Bake,"['Bagel Shop', 'Bakery', 'Jewish Restaurant']",,
4b81544cf964a520b89f30e3,"003502 - Palissy Street, Shoreditch",Leila's Shop,"['Bistro', 'Café', 'Coffee Shop']",,
4c28812a97d00f479ee13fea,"003439 - Tavistock Place, Bloomsbury",Brunswick Square Gardens,['Park'],,
4dbec2325da3ff58ec8142e2,"003439 - Tavistock Place, Bloomsbury",Judd Street Open Space,['Park'],,
5c9b40d01c0b34002cb93f76,"003439 - Tavistock Place, Bloomsbury",Bramber Green,['Park'],,
11d972159a284c6dcab71f06,"003439 - Tavistock Place, Bloomsbury",Brunswick Square Gardens,['Park'],,
572a73ed498ea7e4be325374,"003439 - Tavistock Place, Bloomsbury",Casa Tua,['Italian Restaurant'],,
5af41ff75a2c91002cb55d5d,"003439 - Tavistock Place, Bloomsbury",NCP London Kings Cross St Pancras,['Parking'],,
5cfe68c58496ca002c9871f0,"003439 - Tavistock Place, Bloomsbury",NCP London Brunswick Square,['Parking'],,
4b6ee6cdf964a520f1cf2ce3,"200193 - Snowsfields, London Bridge",Leathermarket Gardens,['Landmarks and Outdoors'],,
4b6ee61bf964a520cacf2ce3,"200193 - Snowsfields, London Bridge",Guy Street Park,['Playground'],,
5c94e4fbb9b37b002c6a8431,"200193 - Snowsfields, London Bridge",Vinegar Yard,['Street Food Gathering'],,
4aff302ff964a520a43522e3,"200193 - Snowsfields, London Bridge",The Leather Exchange,"['Pub', 'Sports Bar', 'Restaurant']",,
4c622ccb86b6be9a4da98b34,"200193 - Snowsfields, London Bridge",Union Car Parks,['Parking'],,
5ecb75b9cc34e600071b6e04,"200193 - Snowsfields, London Bridge",NCP London Bridge,['Parking'],,
4c21fbbc11de20a13c1084ce,"000959 - Milroy Walk, South Bank",Bernie Spain Gardens,['Park'],,
4e1856ce183880768f3f8546,"200034 - Wapping Lane, Wapping",Wapping Gardens,['Park'],,
4dbc35ba0437955ec02c2dd0,"200034 - Wapping Lane, Wapping",Waterside Gardens,['Park'],,
ff8259a5f2f148cc63f09c06,"200034 - Wapping Lane, Wapping",Wapping Gardens,['Park'],,
4dad317dec8e445e17700a8b,"001095 - LSBU (Borough Road), Elephant & Castle",Keyworth Street Chapel Garden,['Park'],,
4bc3294d4cdfc9b662ea9621,"001095 - LSBU (Borough Road), Elephant & Castle",Albert Arms,"['Pub', 'Restaurant']",,
5808ab9e38fac5573596a186,"001095 - LSBU (Borough Road), Elephant & Castle",Il Bar Del Mercato,['Beer Garden'],,
4e6e781745dd293273e39ad2,"003423 - Maida Vale, Maida Vale",Wellesley Court,['Office Building'],,
4ee22d5377c8f9d389e47faa,"300001 - Sandilands Road, Walham Green",William Parnell Park,['Playground'],,
4eedceed8b81bbbf5d95f09f,"200162 - Watney Market, Stepney",Cavell Street Gardens,['Park'],,
4f92c44ee4b0f08d3f99c3a0,"001072 - Waterloo Station 3, Waterloo",St John's Churchyard Garden,['Landmarks and Outdoors'],,
4d43210a7fb05481381d7279,"001072 - Waterloo Station 3, Waterloo",The Green Room,"['Bar', 'English Restaurant']",,
4acd8e7df964a52044cc20e3,"001072 - Waterloo Station 3, Waterloo",London Waterloo Railway Station (WAT),['Rail Station'],,
4b62f3b6f964a520775a2ae3,"001072 - Waterloo Station 3, Waterloo",Pleasuredrome,['Spa'],,
4bbdcf1d07809521ddf4da91,"003425 - Northington Street , Holborn",Gray's Inn Gardens,['Park'],,
59b3b756a6fe4d32cdb48598,"003425 - Northington Street , Holborn",Sorted,['Indoor Play Area'],,
4dd7e460d1647fcf3e558cd1,"002694 - Clapham Common Station, Clapham Common",Clapham Common South Side,['Park'],,
4bd43588046076b0957a7771,"002694 - Clapham Common Station, Clapham Common",Venn Street Market,['Grocery Store / Supermarket'],,
4ac518bef964a520f2a220e3,"003441 - Vicarage Gate, Kensington",Elephant & Castle,"['Pub', 'English Restaurant']",,
4f11accce4b0d59e203a362c,"001205 - Black Prince Road, Vauxhall",Lambeth High Street Recreation Ground,['Park'],,
509519b0e4b02645df3f5086,"001205 - Black Prince Road, Vauxhall","Vauxhall, Black Prince Road",['Playground'],,
50253de1e4b0b95e9867cc66,"022160 - Chelsea Bridge, Pimlico",Chelsea Bridge,['Bridge'],,
4dca7acb2271a5cb224ba972,"002686 - Royal College Street, Camden Town",St Pancras Gardens,['Park'],,
4dcba273cc3f83065bd7f729,"002686 - Royal College Street, Camden Town",Goldington Crescent Gardens,['Landmarks and Outdoors'],,
4c07c37c708c2d7fb96eca63,"001047 - Falkirk Street, Hoxton",Hoxton Community Garden,['Park'],,
ac9af714952b47f83c5163f9,"001047 - Falkirk Street, Hoxton",Plonk,['Amusement Park'],,
4ba11c0df964a520ad9837e3,"200197 - Barons Court Station, West Kensington",Margravine Cemetery,['Cemetery'],,
55255015498ec10480196cf8,"300227 - Timber Lodge, Queen Elizabeth Olympic Park",Gaskell's Fort,['Playground'],,
4c7d21ec3e90a1cd265f44be,"200097 - Beryl Road, Hammersmith",Frank Banfield Park,['Park'],,
4fc4a2f3e4b035d6cb1a9c26,"003462 - Royal Avenue 2, Chelsea",Markham Square,['Park'],,
4c30a942a0ced13a256f126e,"003462 - Royal Avenue 2, Chelsea","Startisans, Duke of York Square",['Plaza'],,
4f04597be5faf0bb0bdcfcc6,"003462 - Royal Avenue 2, Chelsea",Joe & the Juice,['Restaurant'],,
4c151d52a1010f47c9764d18,"300028 - Everington Street, Fulham",Lillie Recreational Park,['Park'],,
4dbe7488fa8cee72737f868a,"300028 - Everington Street, Fulham",Bayonne Nursery School,['Nursery School'],,
57010375498efec398364190,"001055 - Wellington Road, St. John's Wood",Chicken Shop and Dirty Burger,['Fast Food Restaurant'],,
4b200f7ff964a520b32c24e3,"001055 - Wellington Road, St. John's Wood",Duke of York,"['Wine Bar', 'Gastropub']",,
4f3cda66a17c8a4ed1dbc12d,"001055 - Wellington Road, St. John's Wood",Q-Park St John's Wood,['Parking'],,
4bf7d2d14a67c928883024cf,"300003 - Eel Brook Common, Walham Green",Eel Brook Common,['Park'],,
51ed92fe498ed43e3cee0b5f,"300003 - Eel Brook Common, Walham Green",Elbrook park,['Park'],,
d225025b7b734ae4f6b08b65,"300003 - Eel Brook Common, Walham Green",Eel Brook Common,['Park'],,
51e393dc498eded900379154,"200120 - Grant Road East, Clapham Junction",Thomas Baines Square,['Park'],,
54c10b49498e47f3d5ace7c9,"001137 - Harper Road, The Borough",Newington Gardens,['Park'],,
4eec8aab775b3c580c62c7bc,"001137 - Harper Road, The Borough",Dickens Square,['Park'],,
54e5db72498e9257e07c7886,"200061 - Westfield Southern Terrace ,Shepherd's Bush",Balans Soho Society,"['Bar', 'Cafes, Coffee, and Tea Houses', 'Restaurant']",,
5ddc466d66ce9000079f28ab,"200061 - Westfield Southern Terrace ,Shepherd's Bush",Bleecker Burger,['Burger Joint'],,
4b1aa781f964a52078ee23e3,"200061 - Westfield Southern Terrace ,Shepherd's Bush",The Bull,"['Pub', 'Gastropub', 'English Restaurant']",,
63a36ad444a0820dd557acb8,"200061 - Westfield Southern Terrace ,Shepherd's Bush",Sticks'n'Sushi - White City,['Sushi Restaurant'],,
4c1516997f7f2d7f72d9e168,"300205 - Cromer Street, Bloomsbury",Argyle Square Gardens,['Park'],,
4ac518f9f964a52012b020e3,"300205 - Cromer Street, Bloomsbury",Calthorpe Project,['Public and Social Service'],,
4ac518d2f964a5201da720e3,"200223 - Ashmole Estate, Oval",50 Bonnington Square Limited,"['Property Management Office', 'Real Estate Agency']",,
4bc9cac00687ef3b9574dacc,"200021 - Hermitage Court, Wapping",Wapping Rose Garden,['Park'],,
4e1856ce183880768f3f8546,"200021 - Hermitage Court, Wapping",Wapping Gardens,['Park'],,
56898c0f498e1315bc0c898e,"200021 - Hermitage Court, Wapping",St John's Churchyard,['Park'],,
4bc07776b492d13a5f42a460,"200021 - Hermitage Court, Wapping",The Turk's Head Wapping,"['Bar', 'Coffee Shop', 'Restaurant']",,
51b31a1c498e641e47e2b7e7,"200255 - Devons Road, Bow",Prospect Park,['Playground'],,
4c9de1c603133704f4f462d5,"003433 - Sadlers Sports Centre, Finsbury",The Arts Catalyst,['Arts and Entertainment'],,
33612f23c3f24cd95509cf25,"003491 - Princes Square, Bayswater",Leinster Square,['Park'],,
4aec9f2bf964a5208bc921e3,"003491 - Princes Square, Bayswater",Hafez Restaurant,"['Middle Eastern Restaurant', 'Persian Restaurant']",,
4b6c2ae4f964a5204a272ce3,"003491 - Princes Square, Bayswater",The Prince Edward,"['Pub', 'Gastropub']",,
4bd61d61cfa7b713601427da,"003491 - Princes Square, Bayswater",Phoenix Hotel,['Hotel'],,
4bd5d4ca7b1876b0fe728b86,"003491 - Princes Square, Bayswater",Grand Plaza Serviced Apartments,['Hotel'],,
4c6efd3db3ce224b11766fc6,"003491 - Princes Square, Bayswater",Durbar Tandoori Restaurant,['Indian Restaurant'],,
4d14ea7f8312236a6f5c4eba,"003491 - Princes Square, Bayswater",Tinseltown,['American Restaurant'],,
4ac518b6f964a5201ba120e3,"003491 - Princes Square, Bayswater",Bayswater Inn,['Hotel'],,
4c17df0b834e2d7f22062880,"003491 - Princes Square, Bayswater",Wedgewood Hotel,['Hotel'],,
4e2c060f14955dbf7ae05748,"200056 - Vauxhall Walk, Vauxhall",Vauxhall Pleasure Gardens,['Park'],,
4e2c0e2618a80bb0585fb44f,"200056 - Vauxhall Walk, Vauxhall",The Grassy Knoll - Vauxhall,['Park'],,
4be7f1dd88ed2d7f1e39cb1d,"200056 - Vauxhall Walk, Vauxhall",The Black Dog,['Pub'],,
4e2eb0d61495329632fc4cd4,"200056 - Vauxhall Walk, Vauxhall",Tea House Theatre,"['Café', 'Tea Room', 'English Restaurant']",,
5247f23e11d2a0722b3f7ab3,"200056 - Vauxhall Walk, Vauxhall",Vauxhall Gardens Glasshouse Play Area,['Playground'],,
b520d2694e784f18f840c4b6,"200184 - Erin Close, Walham Green",Walham Green,['Park'],,
d225025b7b734ae4f6b08b65,"200184 - Erin Close, Walham Green",Eel Brook Common,['Park'],,
4cf148db899c6ea86d9eefc1,"200184 - Erin Close, Walham Green",Fulham Car Pound,['Parking'],,
53e41c3d498eaa1264f9f77e,"001133 - Baylis Road, Waterloo",House of Vans,['Skate Park'],,
4bf3ce153f86c9b68077b21c,"001133 - Baylis Road, Waterloo",Waterloo Millennium Green,['Park'],,
533bfd3c498e6db1ab1ad5ef,"001133 - Baylis Road, Waterloo",Ufford Street Recreation Ground,['Park'],,
4af49eaaf964a52066f421e3,"001133 - Baylis Road, Waterloo",Masters Super Fish,"['Fish and Chips Shop', 'Seafood Restaurant']",,
4acd8e7df964a52044cc20e3,"001133 - Baylis Road, Waterloo",London Waterloo Railway Station (WAT),['Rail Station'],,
4b915063f964a52047b233e3,"000981 - British Museum, Bloomsbury",Camera Cafe,"['Café', 'Coffee Shop']",,
539326ab498ee0e5e0b97215,"000981 - British Museum, Bloomsbury",Old Gloucester Street Gardens,['Playground'],,
5f9c4a0373f7596604b6b65c,"000981 - British Museum, Bloomsbury",Bloomsbury Square Car Park,['Parking'],,
4f6c8f0be4b060033178e938,"000981 - British Museum, Bloomsbury",British Museum bus parking,['Parking'],,
4b13ef42f964a520a19a23e3,"200237 - Parson's Green , Parson's Green",The White Horse,"['Beer Bar', 'Pub', 'English Restaurant']",,
4fc4a2f3e4b035d6cb1a9c26,"003440 - Royal Avenue 1, Chelsea",Markham Square,['Park'],,
4f04597be5faf0bb0bdcfcc6,"003440 - Royal Avenue 1, Chelsea",Joe & the Juice,['Restaurant'],,
4c30a942a0ced13a256f126e,"003440 - Royal Avenue 1, Chelsea","Startisans, Duke of York Square",['Plaza'],,
4ac518cdf964a520e9a520e3,"022158 - Exhibition Road Museums 1, South Kensington",Science Museum,['Science Museum'],,
4ac518cdf964a520e8a520e3,"022158 - Exhibition Road Museums 1, South Kensington",Natural History Museum,['Science Museum'],,
5d4595dca4ace900074c940c,"022158 - Exhibition Road Museums 1, South Kensington",The Garden,['Indoor Play Area'],,
5a09cd46e075500ceb10e292,"022158 - Exhibition Road Museums 1, South Kensington",Cast Courts,['Exhibit'],,
598db01a5c68384be552c5f3,"022158 - Exhibition Road Museums 1, South Kensington",Imperial College London Car Park,['Parking'],,
5835fa96f9edc560147dbbd1,"003483 - Fashion Street, Whitechapel",Juju's Bar and Stage,"['Bar', 'Restaurant']",,
5e7decb791d452000807f185,"003483 - Fashion Street, Whitechapel",Chicksand Street Park,['Playground'],,
58586adb8ab03f02a6cec352,"003483 - Fashion Street, Whitechapel",Gourmet Sushi,"['Fast Food Restaurant', 'Japanese Restaurant']",,
4e3d79071838cb1b82f09d24,"003483 - Fashion Street, Whitechapel",Whites Row Car Park,['Parking'],,
5ced5c6d8a6f17002c135473,"200072 - Houndsditch, Aldgate",The War of the Worlds,['Amusement Park'],,
4b8e497af964a5202c1e33e3,"300075 - Upcerne Road, West Chelsea",Westfield Park,['Park'],,
4dfc7bfc18a8eee4fe3ca88d,"300075 - Upcerne Road, West Chelsea",Lots Road Playground,['Playground'],,
56f399b4498e79a0ac144e90,"300239 - Victory Place, Walworth",Nursery Row Park,['Park'],,
51a7090d501981ceef878532,"003463 - Argyll Road, Kensington",Kensington Town Hall Car Park,['Parking'],,
4df46d4dfa76abc3d8706f12,"200108 - Bishop's Bridge Road East, Bayswater",Paddington Station Public Car Park,['Parking'],,
00ed177a1e594ff7fa8824df,"001068 - Norton Folgate, Liverpool Street",Enpaa,['Community and Government'],,
51605f56e4b024efa71a9873,"001068 - Norton Folgate, Liverpool Street",The Crown and Shuttle,"['Beer Bar', 'Beer Garden', 'Restaurant']",,
4bf6da2c13aed13ad652eaf7,"001068 - Norton Folgate, Liverpool Street",Queen of Hoxton Rooftop,['Roof Deck'],,
4b9ac811f964a52015d535e3,"001068 - Norton Folgate, Liverpool Street",Hearn Street Car Park,['Parking'],,
608434913b51f03ff4aa9857,"001068 - Norton Folgate, Liverpool Street",The Plant Warehouse,['Garden Center'],,
608443c716e6540d9aa12f0d,"001068 - Norton Folgate, Liverpool Street",Plant Warehouse,['Garden Center'],,
56d31ea6498e49c428d44702,"001062 - Braham Street, Aldgate",Big Moe's Diner,"['Diner', 'American Restaurant']",,
5a6b03b11213847e7327c221,"001062 - Braham Street, Aldgate",NCP London Whitechapel High St,['Parking'],,
4ad4e590f964a52089fc20e3,"001105 - LMU Commercial Road, Whitechapel",Altab Ali Park,['Park'],,
4adb4f33f964a520c32521e3,"001105 - LMU Commercial Road, Whitechapel",Maedah Grill,['Turkish Restaurant'],,
4ac518cef964a52027a620e3,"200111 - Abbotsbury Road, Holland Park",Holland Park,['Park'],,
92f12268439744bb9f2937cd,"200111 - Abbotsbury Road, Holland Park",Holland Park,['Urban Park'],,
5ba7cf1cdb1d81002cf465e6,"200111 - Abbotsbury Road, Holland Park",Holland Park Toddler Playground,['Playground'],,
4c0a02c7009a0f47fcc7e8bf,"200111 - Abbotsbury Road, Holland Park",Holland Park Sports Field,['Soccer Field'],,
4bf94c348d30d13a74f10118,"001025 - Bolsover Street, Fitzrovia",Park Square Gardens,['Park'],,
bc0926074ee74c798cd77d29,"001025 - Bolsover Street, Fitzrovia",Park Square West,['Park'],,
06ba00a899ce487927558900,"001025 - Bolsover Street, Fitzrovia",Regents Park,"['Coffee Shop', 'Restaurant']",,
5a1b19b0ea1e44656805ad26,"001025 - Bolsover Street, Fitzrovia",Fume UK,['Hookah Bar'],,
4bc71f3d0050b713260bb83b,"001025 - Bolsover Street, Fitzrovia",Meliá White House,['Lodging'],,
4ad2186ef964a5205edf20e3,"001025 - Bolsover Street, Fitzrovia","Holiday Inn London - Regent's Park, an IHG Hotel",['Lodging'],,
4ad83277f964a520dc1021e3,"001025 - Bolsover Street, Fitzrovia",Demartino,['Italian Restaurant'],,
5f0852cb8d2f57429b07c0c4,"001025 - Bolsover Street, Fitzrovia",NCP London Regents Park,['Parking'],,
4ac518cdf964a520e9a520e3,"200052 - Exhibition Road Museums 2, South Kensington",Science Museum,['Science Museum'],,
4ac518cdf964a520e8a520e3,"200052 - Exhibition Road Museums 2, South Kensington",Natural History Museum,['Science Museum'],,
4f856657e4b0cd08a4893b3b,"200052 - Exhibition Road Museums 2, South Kensington",The Ampersand Hotel,['Hotel'],,
5a09cd46e075500ceb10e292,"200052 - Exhibition Road Museums 2, South Kensington",Cast Courts,['Exhibit'],,
5d4595dca4ace900074c940c,"200052 - Exhibition Road Museums 2, South Kensington",The Garden,['Indoor Play Area'],,
55dc9354498ea88689c4ca08,"001124 - Sumner Place, South Kensington",Mimosa Chelsea,['English Restaurant'],,
5921ef7b4c954c04e9ae41ea,"003422 - Charlbert Street, St. John's Wood",Drunch Regent's Park,"['Bar', 'Restaurant']",,
57010375498efec398364190,"003422 - Charlbert Street, St. John's Wood",Chicken Shop and Dirty Burger,['Fast Food Restaurant'],,
4b200f7ff964a520b32c24e3,"003422 - Charlbert Street, St. John's Wood",Duke of York,"['Wine Bar', 'Gastropub']",,
4c96228ff244b1f78892311d,"300056 - Mile End Stadium, Mile End",Mile End Skate Park,['Skate Park'],,
4b85563cf964a520845731e3,"300056 - Mile End Stadium, Mile End",Mile End Park Leisure Centre,['Gym and Studio'],,
4baf7ed7f964a52095043ce3,"001212 - Concert Hall Approach 2, South Bank",Southbank Skate Park,['Skate Park'],,
4bdec9150d69b713580266d3,"001212 - Concert Hall Approach 2, South Bank",Jubilee Gardens,['Park'],,
4db2fed55da3a76f441eb742,"001212 - Concert Hall Approach 2, South Bank",Queen Elizabeth Hall Roof Garden,['Roof Deck'],,
4d43210a7fb05481381d7279,"001212 - Concert Hall Approach 2, South Bank",The Green Room,"['Bar', 'English Restaurant']",,
538cd04c498e98c029af44bf,"001212 - Concert Hall Approach 2, South Bank",Doon Street Car Park,['Parking'],,
4b9e3908f964a520f6d236e3,"001160 - Craven Street, Strand",Victoria Embankment Gardens,['Garden'],,
4ac518cef964a520f9a520e3,"001160 - Craven Street, Strand",Trafalgar Square,['Landmarks and Outdoors'],,
4acdb591f964a520c7cc20e3,"001160 - Craven Street, Strand",Gordon's Wine Bar,"['Wine Bar', 'Restaurant']",,
4acf3b84f964a520d0d220e3,"001160 - Craven Street, Strand","The Harp, Covent Garden",['Bar'],,
4aec40e1f964a520b0c521e3,"001160 - Craven Street, Strand",Sherlock Holmes,"['Pub', 'Gastropub']",,
4afd61a6f964a520822722e3,"001160 - Craven Street, Strand",Caffè Nero,"['Cafes, Coffee, and Tea Houses']",,
4dbc1123a86e0e98a1d913b4,"001160 - Craven Street, Strand",The Rooftop,"['Cocktail Bar', 'Wine Bar', 'Restaurant']",,
4baa57e6f964a5202b613ae3,"001160 - Craven Street, Strand",Halfway to Heaven,['Night Club'],,
4c728941d944224b24df0c29,"001160 - Craven Street, Strand",Duke of Buckingham's Watergate,['Sculpture Garden'],,
4c83a7df2f1c236a49734443,"001114 - Pont Street, Knightsbridge",Lennox Gardens,['Park'],,
4c0a6f3232daef3b06a44b50,"001114 - Pont Street, Knightsbridge",Cadogan Square Small Garden Limited,"['Property Management Office', 'Real Estate Agency']",,
4ac518b4f964a52080a020e3,"001114 - Pont Street, Knightsbridge",Jumeirah Carlton Tower,['Hotel'],,
51361d1ae4b082d2749970b2,"003442 - Abingdon Villas, Kensington",Pembroke Square,['Park'],,
4e3843c752b1aec580021ff3,"003442 - Abingdon Villas, Kensington",Edwardes Square,['Park'],,
4c66c32fe1da1b8d38ce9bc3,"200084 - Doddington Grove, Kennington",Pasley Park,['Park'],,
4bdee05fe75c0f471515c903,"001162 - Dorset Square, Marylebone",Clarence Gate,['Park'],,
4ac518b5f964a520a3a020e3,"001162 - Dorset Square, Marylebone",Afternoon Tea at the Landmark Hotel,['Restaurant'],,
4ac518c0f964a52098a320e3,"001162 - Dorset Square, Marylebone","Winter garden restaurant, the landmark hotel, Marylebone, London","['Tea Room', 'Restaurant']",,
4ad09694f964a52099d820e3,"001162 - Dorset Square, Marylebone",London Marylebone Railway Station (MYB),['Rail Station'],,
4b530264f964a5207c8c27e3,"001162 - Dorset Square, Marylebone",The Volunteer,"['Bar', 'Bistro', 'Gastropub']",,
4c069cd92e80a593516274f9,"001162 - Dorset Square, Marylebone",Ivor Place,['Playground'],,
4c1b6a2563750f470bc7b467,"001162 - Dorset Square, Marylebone",Sports Bar & Grill,"['Sports Bar', 'Burger Joint', 'American Restaurant']",,
4de8ce0688774aa92ca7692c,"001162 - Dorset Square, Marylebone",Motorcycle Parking Bay,['Parking'],,
4b50aae3f964a5206b2c27e3,"001162 - Dorset Square, Marylebone",Victoria & Albert,['Pub'],,
4d92109e9d0f721e96922473,"200236 - Greenberry Street, St.John's Wood",St John's Wood Church Gardens,['Garden'],,
57010375498efec398364190,"200236 - Greenberry Street, St.John's Wood",Chicken Shop and Dirty Burger,['Fast Food Restaurant'],,
4c2f6a28ed37a593ca2e6703,"200236 - Greenberry Street, St.John's Wood",St Johns Wood Playground,['Playground'],,
579e34a1498eae44c2ab3ca1,"200236 - Greenberry Street, St.John's Wood",Charlbert Bridge,['Bridge'],,
5016a8d8e4b0b960192695e6,"200030 - Driffield Road, Old Ford",St Stephens Green,['Park'],,
ef6413b1b3ea41572b09f4b5,"000988 - Great Russell Street, Bloomsbury",Bedford Square Garden,['Park'],,
4b915063f964a52047b233e3,"000988 - Great Russell Street, Bloomsbury",Camera Cafe,"['Café', 'Coffee Shop']",,
9f84fa0fbfa3443fa29ac6b9,"022170 - Kennington Station, Kennington",Kennington Park Road,['Park'],,
4ccb1efc566aa093cbcf18fd,"022170 - Kennington Station, Kennington",The Old Red Lion,"['Pub', 'Gastropub']",,
4d45d56fe198721e20c7c98b,"200121 - Shoreditch Court, Haggerston",Albion Square,['Park'],,
4bc0623bf8219c74287cb110,"200131 - Clarkson Street, Bethnal Green",Bethnal Green Gardens,['Park'],,
4df5b4d4a809141629a9f684,"200131 - Clarkson Street, Bethnal Green",Middleton Green,['Park'],,
880bf61fa04f4f7bd3853228,"200131 - Clarkson Street, Bethnal Green","Paradise Gardens, Paradise Row, London",['Park'],,
5a89ca6c838e597879dcb341,"200131 - Clarkson Street, Bethnal Green",Sodo Pizza - Bethnal Green,['Pizzeria'],,
4e83b6abb8f7e9f997b3c2a7,"200131 - Clarkson Street, Bethnal Green",Travis Perkins,['Construction Supplies Store'],,
4ada5af6f964a520c22121e3,"300201 - Coram Street, Bloomsbury",Gordon Square,"['Park', 'Garden']",,
4ac518d1f964a520d0a620e3,"300201 - Coram Street, Bloomsbury",Tavistock Square,['Park'],,
4bf5317498ac0f47ddc864a8,"300201 - Coram Street, Bloomsbury",Woburn Square,['Park'],,
13cbb61b978d4cd1492d3b3e,"300201 - Coram Street, Bloomsbury",Santa's London Grotto,['Amusement Park'],,
346ab83269bf41234ba9e24f,"300201 - Coram Street, Bloomsbury",Tavistock Square,['Landmarks and Outdoors'],,
4ad5ef05f964a5200a0421e3,"300201 - Coram Street, Bloomsbury",Russell Square,"['Café', 'Coffee Shop', 'Restaurant']",,
4dd0e2d6cc3f310d37f2d116,"300201 - Coram Street, Bloomsbury",Salsa on Sundays,['Night Club'],,
4bbeef1c85fbb71377707167,"300201 - Coram Street, Bloomsbury",Cafe in the Gardens,['Café'],,
5cfe68c58496ca002c9871f0,"300201 - Coram Street, Bloomsbury",NCP London Brunswick Square,['Parking'],,
5d39a8d6d962bb0008ddf01f,"300201 - Coram Street, Bloomsbury",Royal National Car Park,['Parking'],,
6198f4ceedfee3499ac45856,"200076 - Westminster Bridge Road, Elephant & Castle",Imperial Dog Park,['Park'],,
4af49eaaf964a52066f421e3,"200076 - Westminster Bridge Road, Elephant & Castle",Masters Super Fish,"['Fish and Chips Shop', 'Seafood Restaurant']",,
4f31b97ee4b0acb1ec2bfdf8,"200076 - Westminster Bridge Road, Elephant & Castle",The Private Car Park,['Parking'],,
4ba632a7f964a520ca3a39e3,"002682 - Turquoise Island, Notting Hill",Powis Square,['Park'],,
57d6fa7e498e6ae558330896,"002682 - Turquoise Island, Notting Hill",Colville Gardens,['Park'],,
4b77192ff964a520347d2ee3,"002682 - Turquoise Island, Notting Hill",202 Restaurant,"['Bistro', 'English Restaurant', 'Italian Restaurant']",,
4cc5624042d1b60c45f92213,"002682 - Turquoise Island, Notting Hill",Powis Square Kids Playground,['Playground'],,
4cc80bbf3477b60cb14a796a,"002682 - Turquoise Island, Notting Hill",Colville Playground,['Playground'],,
4adb4034f964a5203b2521e3,"002682 - Turquoise Island, Notting Hill",Earl of Lonsdale,"['Pub', 'Restaurant']",,
4cd1635f9d87224b3e7d5a3b,"001216 - Swan Street, The Borough",St George's Churchyard Gardens,['Park'],,
4ae6071af964a5202ba421e3,"001216 - Swan Street, The Borough",The Royal Oak,"['Pub', 'Restaurant']",,
5fe1f5ed92e3ef482c424891,"300090 - Blenheim Crescent, Ladbroke Grove",Buvette,['Café'],,
4bcf60e70ffdce727e69b2c0,"200214 - Woodstock Grove, Shepherd's Bush",Hilton London Kensington,['Hotel'],,
4c1fad6963750f474081bb67,"200159 - Goldsmith's Row, Haggerston",Ion Square Gardens,['Park'],,
c7864e412a9049f01af5255e,"200159 - Goldsmith's Row, Haggerston",Haggerston Park,['Park'],,
4ce3ec8277ef224b1bb9457b,"200204 - Northfields, Wandsworth",Wandsworth Park Playground,['Playground'],,
51e7cfeb498ef2f277eec979,"003479 - Old Brompton Road, South Kensington",Hereford Square,['Park'],,
4ac518bdf964a520cea220e3,"003479 - Old Brompton Road, South Kensington","The Hereford Arms, South Kensington",['Bar'],,
4bd9e1f70ef39c74879f1d2d,"001085 - Old Quebec Street, Marylebone",Hyatt Regency London - the Churchill,['Lodging'],,
4bd195aa9854d13a9abff94d,"001085 - Old Quebec Street, Marylebone",Taxi Marble Arch,['Taxi Stand'],,
4ac518c4f964a5208ba420e3,"001085 - Old Quebec Street, Marylebone",The Montagu,['English Restaurant'],,
4be1d7b8ae55a593bfbb5b62,"001085 - Old Quebec Street, Marylebone",London Marriott Hotel Park Lane,['Resort'],,
4fb94003e4b0fee48ffc48cc,"001085 - Old Quebec Street, Marylebone",Marble Arch Square,['Landmarks and Outdoors'],,
4ac518c4f964a52085a420e3,"001085 - Old Quebec Street, Marylebone",Locanda Locatelli,['Italian Restaurant'],,
4c359ed7ed37a593d4c47003,"001085 - Old Quebec Street, Marylebone",GLH Hotels - Amba Hotel Marble Arch Costa Store,['Hotel'],,
4fa33ff9e4b0dd0f110011e6,"001085 - Old Quebec Street, Marylebone",Donostia,['Tapas Restaurant'],,
4ad0e146f964a520b6da20e3,"001085 - Old Quebec Street, Marylebone",Three Tuns Marylebone,"['Pub', 'Restaurant']",,
4bf7c5e2b182c9b6ab37765a,"001085 - Old Quebec Street, Marylebone",Apcoa Parking,['Parking'],,
4bc1b70e2a89ef3b74a5f288,"001027 - Warwick Avenue Station, Maida Vale",Clifton Nurseries,['Garden Center'],,
4d8c75c35bd6f04df7e8e528,"001027 - Warwick Avenue Station, Maida Vale",Formosa Amenity,['Playground'],,
4ac518dbf964a520f9a820e3,"001152 - Marylebone Lane, Marylebone",Sofra,['Turkish Restaurant'],,
4c8a34649ef0224b958e587b,"001152 - Marylebone Lane, Marylebone",The Rifles Club,['Playground'],,
4f707697e4b07fa2c8533db9,"200150 - Cantrell Road, Bow",Rounton Park,['Park'],,
4c44702cf799e21e67c8ada2,"003490 - Southwick Street, Paddington",The Great Oak,['Park'],,
4ac518dbf964a5200aa920e3,"003490 - Southwick Street, Paddington",Bombay Palace,['Indian Restaurant'],,
4bd581fd6798ef3bcc64638d,"001148 - Queen Mother Sports Centre, Victoria",Vincent Square,['Park'],,
4b5303c1f964a5209f8c27e3,"001148 - Queen Mother Sports Centre, Victoria",Pimlico Fresh,"['Café', 'Restaurant']",,
5750043d498ee38ae5fd88aa,"001148 - Queen Mother Sports Centre, Victoria",Gail's Artisan Bakery,['Bakery'],,
4bd8894d5cf276b0a7819d00,"001148 - Queen Mother Sports Centre, Victoria",Dim T,"['Dim Sum Restaurant', 'Thai Restaurant']",,
4c9b225478ffa0934b327275,"200178 - Buckingham Gate, Westminster",Christchurch Gardens,['Park'],,
4e58fe2fb0fbdca309f6b710,"200178 - Buckingham Gate, Westminster",St James' Park Playground,['Playground'],,
4bf40516e5eba593f3211f90,"200178 - Buckingham Gate, Westminster",St Ermin's Hotel,['Hotel'],,
4dd3ba3245dd98b61e72f551,"200178 - Buckingham Gate, Westminster",Ristorante Bon Gustó,['Italian Restaurant'],,
4bcf60e70ffdce727e69b2c0,"300088 - Queensdale Road, Shepherd's Bush",Hilton London Kensington,['Hotel'],,
62b98cbd80b8bb423cc0be16,"200016 - Castlehaven Road, Camden Town",Babylon Park,['Amusement Park'],,
5602b5a7498e69e59ec3b7ee,"200016 - Castlehaven Road, Camden Town",Castlehaven Community Association,['Community Center'],,
51efb8ef498e8928440e094a,"200016 - Castlehaven Road, Camden Town",Castlehaven Open Space,['Landmarks and Outdoors'],,
4e20435345dd950bb0181707,"200016 - Castlehaven Road, Camden Town",Castlehaven Community Gardens,['Park'],,
7368698ad85d4e844aae7596,"200016 - Castlehaven Road, Camden Town",Londra Camden Town,['Park'],,
4ac518f4f964a520fbae20e3,"200016 - Castlehaven Road, Camden Town",Camden Lock Designs,['Furniture and Home Store'],,
4ad8c955f964a520a01421e3,"200016 - Castlehaven Road, Camden Town",The Lock Tavern,"['Beer Bar', 'Restaurant']",,
4b70de36f964a52058322de3,"200016 - Castlehaven Road, Camden Town",Lockside Lounge,"['Cocktail Bar', 'Lounge', 'Restaurant']",,
4d29ab52915fa0933d5e080a,"010629 - Rotherhithe Roundabout, Rotherhithe",King's Stairs Gardens,['Park'],,
4ff2bf18e4b020c287d745ed,"010629 - Rotherhithe Roundabout, Rotherhithe",Southwark Park Bandstand,['Park'],,
50b3fef419a9f85eb7f3b02e,"010629 - Rotherhithe Roundabout, Rotherhithe",Watch House,['Coffee Shop'],,
501d85e8e4b0584dfab01a89,"010629 - Rotherhithe Roundabout, Rotherhithe",Perfetta Pizzeria,['Pizzeria'],,
4be41f9c2457a59391c3a915,"001036 - Crawford Street, Marylebone",Paddington Street Gardens,['Playground'],,
4e7b7a8fb0fb5921305bda23,"001036 - Crawford Street, Marylebone",Children's Playground,['Playground'],,
4ac518e8f964a52075ab20e3,"001220 - Imperial College, Knightsbridge",Royal Albert Hall,['Building / Structure'],,
4ac518b7f964a52055a120e3,"001220 - Imperial College, Knightsbridge",Astor Hyde Park Hostel,"['Hostel', 'Hotel']",,
51e2a265498e6f1748fa0794,"001220 - Imperial College, Knightsbridge",Rhubarb,"['Café', 'Event Space']",,
4ac518f7f964a520c5af20e3,"001220 - Imperial College, Knightsbridge",Royal College of Art,['College Arts Building'],,
57eea1e5498e9546425ec77b,"001220 - Imperial College, Knightsbridge",Heineken Green Room,['Lounge'],,
4ac518e8f964a52075ab20e3,"001193 - Kensington Gore, Knightsbridge",Royal Albert Hall,['Building / Structure'],,
4ac518b7f964a52055a120e3,"001193 - Kensington Gore, Knightsbridge",Astor Hyde Park Hostel,"['Hostel', 'Hotel']",,
4ac518f7f964a520c5af20e3,"001193 - Kensington Gore, Knightsbridge",Royal College of Art,['College Arts Building'],,
51e2a265498e6f1748fa0794,"001193 - Kensington Gore, Knightsbridge",Rhubarb,"['Café', 'Event Space']",,
57eea1e5498e9546425ec77b,"001193 - Kensington Gore, Knightsbridge",Heineken Green Room,['Lounge'],,
4e3eb9ab8877b00cfc57e199,"002633 - Palace Gardens Terrace, Notting Hill",Pembridge Gardens,['Park'],,
3b05cd54e15345c7bbacb8db,"002633 - Palace Gardens Terrace, Notting Hill",The Silver Time,['Amusement Park'],,
4ee61a462da504839760f8e0,"002633 - Palace Gardens Terrace, Notting Hill","The Churchill Arms, Kensington",['Bar'],,
4b87cf79f964a52014cd31e3,"200166 - Southerton Road, Hammersmith",Hop Poles,['Bar'],,
4d8860487d4c548117203e71,"200166 - Southerton Road, Hammersmith",Hammersmith London Underground Station,['Transport Hub'],,
4b2e2e55f964a5202edd24e3,"200211 - Union Grove, Wandsworth Road",Larkhall Park,['Park'],,
5012bf8ee4b0354628e33dce,"200211 - Union Grove, Wandsworth Road",Young's Pub,"['Beer Garden', 'Restaurant']",,
4bdb7fe463c5c9b6be612868,"300242 - Allington Street, Victoria",Grosvenor Gardens,['Park'],,
0f27b808274940aa96e45dd0,"300242 - Allington Street, Victoria",The Buckingham Palace Shop,['Landmarks and Outdoors'],,
4c989ceb07916dcbf14aed1b,"300242 - Allington Street, Victoria",The Savanna,"['Gourmet Store', 'Grocery Store / Supermarket', 'Liquor Store']",,
4ac518c1f964a520d8a320e3,"300242 - Allington Street, Victoria",Bbar,"['Cocktail Bar', 'Bistro', 'African Restaurant']",,
4c00c9f8ad15a5937f7b8e73,"300242 - Allington Street, Victoria",Lower Grosvenor Gardens,"['Sculpture Garden', 'Garden']",,
4ba34927f964a520503338e3,"300242 - Allington Street, Victoria",BaseKit London,['Technology Business'],,
4bdb7fe463c5c9b6be612868,"000968 - Warwick Row, Westminster",Grosvenor Gardens,['Park'],,
0f27b808274940aa96e45dd0,"000968 - Warwick Row, Westminster",The Buckingham Palace Shop,['Landmarks and Outdoors'],,
4ac518c1f964a520d8a320e3,"000968 - Warwick Row, Westminster",Bbar,"['Cocktail Bar', 'Bistro', 'African Restaurant']",,
4c00c9f8ad15a5937f7b8e73,"000968 - Warwick Row, Westminster",Lower Grosvenor Gardens,"['Sculpture Garden', 'Garden']",,
4f3cd542a17c8a4ed1db6367,"010625 - Penfold Street, Marylebone",Church Street Car Park,['Parking'],,
4ad64197f964a5201d0621e3,"001015 - New Globe Walk, Bankside",Shakespeare's Globe,['Music Venue'],,
4b0018abf964a520bf3a22e3,"001015 - New Globe Walk, Bankside",Starbucks,['Coffee Shop'],,
ff4c06739f5a4d466e048d0f,"003457 - Rochester Row, Westminster",Channel 4 Car Park,['Park'],,
4bcf48880ffdce72bd58b2c0,"003457 - Rochester Row, Westminster",Grange Wellington Hotel,['Hotel'],,
4bed4c1e6e8c20a1ae1f7061,"003457 - Rochester Row, Westminster",The Laughing Halibut,['Fish and Chips Shop'],,
4b0c6aa1f964a520cd3c23e3,"003457 - Rochester Row, Westminster",Flat Cap Coffee Co,"['Café', 'Coffee Shop', 'Restaurant']",,
4b630126f964a5203a5d2ae3,"003457 - Rochester Row, Westminster",Cafe Fresco,"['Café', 'Restaurant']",,
4c522187048b1b8d609f0c30,"200134 - Albany Street, The Regent's Park",Munster Square,['Park'],,
5348793a498e59262b5d4c60,"200134 - Albany Street, The Regent's Park",Regent's Park Allotment Garden,['Garden'],,
4b2e2e55f964a5202edd24e3,"200173 - Courland Grove, Wandsworth Road",Larkhall Park,['Park'],,
5012bf8ee4b0354628e33dce,"200173 - Courland Grove, Wandsworth Road",Young's Pub,"['Beer Garden', 'Restaurant']",,
4bd581fd6798ef3bcc64638d,"001196 - Vincent Square, Westminster",Vincent Square,['Park'],,
4bcf48880ffdce72bd58b2c0,"001196 - Vincent Square, Westminster",Grange Wellington Hotel,['Hotel'],,
4daa42b90cb6a89c626ae16a,"200218 - Addison Road, Holland Park",Bodrum Holland Park,['Park'],,
555c7d26498e975fcdd9fb32,"200189 - Phene Street, Chelsea",Chelsea Embankment Gardens,['Park'],,
4b55f12cf964a520d1f727e3,"200189 - Phene Street, Chelsea",Coopers Arms,"['Pub', 'Gastropub']",,
4eedceed8b81bbbf5d95f09f,"200033 - Philpot Street, Whitechapel",Cavell Street Gardens,['Park'],,
4db1d2610cb6442b2ed216f7,"200033 - Philpot Street, Whitechapel",Trafalgar Gardens,['Park'],,
50e7fdc0e4b005f79f81ec4f,"200033 - Philpot Street, Whitechapel",Ford Square,['Playground'],,
4bc9d4a43740b71374505f65,"300039 - Wendon Street, Old Ford",Lefevre Park,['Park'],,
4f3cf096e4b0b928ae4594f0,"001169 - Grosvenor Crescent, Belgravia",Hyde Park Corner Lodge,['Monument'],,
4ac518baf964a520d6a120e3,"001169 - Grosvenor Crescent, Belgravia",Grenadier Belgrave,"['Bar', 'Gastropub', 'English Restaurant']",,
4f254d3de4b04f6e6a0d546e,"001169 - Grosvenor Crescent, Belgravia",Royal Artillery Memorial,['Memorial Site'],,
4ade0554f964a520706721e3,"001169 - Grosvenor Crescent, Belgravia",Hyde Park Corner Underground Station,['Public Transportation'],,
4de0d25745dd3eae877773c0,"001169 - Grosvenor Crescent, Belgravia",The Berkeley Hotel Rooftop Pool,['Hotel'],,
4ee353670e011d52450c48b8,"200135 - Selby Street, Whitechapel",Vallance Gardens,['Park'],,
4ad4e590f964a52089fc20e3,"200239 - Old Montague Street, Whitechapel",Altab Ali Park,['Park'],,
4b5a0c40f964a520e8a928e3,"200239 - Old Montague Street, Whitechapel",Apples & Pears,"['Cocktail Bar', 'Wine Bar', 'Restaurant']",,
55787600498eb83a27455813,"200239 - Old Montague Street, Whitechapel",Pixxa,"['Pizzeria', 'Fast Food Restaurant', 'Italian Restaurant']",,
5e7decb791d452000807f185,"200239 - Old Montague Street, Whitechapel",Chicksand Street Park,['Playground'],,
4adb4f33f964a520c32521e3,"200239 - Old Montague Street, Whitechapel",Maedah Grill,['Turkish Restaurant'],,
4ac518d5f964a520e5a720e3,"003489 - Broadwick Street, Soho",Mildreds,['Vegan and Vegetarian Restaurant'],,
500589dfe4b03bef973ee81e,"003489 - Broadwick Street, Soho",Burger & Lobster,"['Burger Joint', 'American Restaurant', 'Seafood Restaurant']",,
4ba21d45f964a520b5dc37e3,"003489 - Broadwick Street, Soho",Gerry's,"['Liquor Store', 'Wine Store']",,
50659ee9e4b0105355bf4f90,"003489 - Broadwick Street, Soho",Bone Daddies,['Ramen Restaurant'],,
4ad25c1bf964a52025e120e3,"003489 - Broadwick Street, Soho",Duke of Wellington,"['Night Club', 'Cocktail Bar', 'Gay Bar']",,
4ac518dff964a52003aa20e3,"003489 - Broadwick Street, Soho",Masala Zone Soho,['Indian Restaurant'],,
555dc863498e8bc2538de952,"003489 - Broadwick Street, Soho",Wagamama Great Marlborough Street,['Restaurant'],,
4acdabe2f964a5209fcc20e3,"003489 - Broadwick Street, Soho",Ping Pong Soho,"['Cantonese Restaurant', 'Dim Sum Restaurant', 'Japanese Restaurant']",,
4ac518cff964a5206fa620e3,"003489 - Broadwick Street, Soho",Golden Square,['Monument'],,
4ad1feb8f964a520bbde20e3,"003489 - Broadwick Street, Soho",Comptons of Soho,"['Gay Bar', 'Restaurant']",,
4f635ce6e4b0e78cff851798,"300035 - Carnegie Street, King's Cross",Edward Square,['Park'],,
4b6b3692f964a520f3f92be3,"300035 - Carnegie Street, King's Cross",The Thornhill Arms,['Pub'],,
4db571346e8179a9138f4f83,"200041 - Antill Road, Mile End",Ecology Park,['Landmarks and Outdoors'],,
4ac518c4f964a5206aa420e3,"200041 - Antill Road, Mile End",The Palm Tree,"['Pub', 'Restaurant']",,
4e6b6636ae60950955e56a26,"200167 - Twig Folly Bridge, Mile End",Wennington Green,['Park'],,
4db571346e8179a9138f4f83,"200167 - Twig Folly Bridge, Mile End",Ecology Park,['Landmarks and Outdoors'],,
4ac518c4f964a5206aa420e3,"200167 - Twig Folly Bridge, Mile End",The Palm Tree,"['Pub', 'Restaurant']",,
4f3cf096e4b0b928ae4594f0,"001075 - Hyde Park Corner, Hyde Park",Hyde Park Corner Lodge,['Monument'],,
4ac518b5f964a5208ba020e3,"001075 - Hyde Park Corner, Hyde Park","InterContinental London Park Lane, an IHG Hotel",['Lodging'],,
4f254d3de4b04f6e6a0d546e,"001075 - Hyde Park Corner, Hyde Park",Royal Artillery Memorial,['Memorial Site'],,
4ac518baf964a520d6a120e3,"001075 - Hyde Park Corner, Hyde Park",Grenadier Belgrave,"['Bar', 'Gastropub', 'English Restaurant']",,
4dff87ac22713224ea8ddeee,"001075 - Hyde Park Corner, Hyde Park",Arch Bar & Wellington Lounge,['Cocktail Bar'],,
4ade0554f964a520706721e3,"001075 - Hyde Park Corner, Hyde Park",Hyde Park Corner Underground Station,['Public Transportation'],,
4de0d25745dd3eae877773c0,"001075 - Hyde Park Corner, Hyde Park",The Berkeley Hotel Rooftop Pool,['Hotel'],,
4ace0000f964a520d4cd20e3,"001075 - Hyde Park Corner, Hyde Park",Royal Aeronautical Society,['Government Department / Agency'],,
4c1516997f7f2d7f72d9e168,"300212 - Birkenhead Street, King's Cross",Argyle Square Gardens,['Park'],,
4ac518f7f964a520c6af20e3,"300212 - Birkenhead Street, King's Cross",London St Pancras International Railway Station (STP),['Rail Station'],,
4acf786af964a520e6d320e3,"300212 - Birkenhead Street, King's Cross",King's Cross St. Pancras London Underground Station,['Transport Hub'],,
532b36cd498ed3593169d1e1,"300212 - Birkenhead Street, King's Cross",The Platform Cafe,"['Cafes, Coffee, and Tea Houses', 'Restaurant']",,
4c7aa451a86837048e42144d,"300008 - Normand Park, West Kensington",Normand Park,['Park'],,
4d539a215b3f6dcb0a73d5cc,"300008 - Normand Park, West Kensington",Fulham centre Park,['Park'],,
4e4e536262e14b77e38b631b,"300008 - Normand Park, West Kensington",Lillie Road Recreation Ground,['Park'],,
4d28815b915fa0933d77fd09,"300008 - Normand Park, West Kensington",Normand Park Playground,['Playground'],,
4c4c4b71f7cc1b8df79f1c41,"001001 - West Cromwell Road, Earl's Court",Nevern Square,['Park'],,
4b1abec0f964a520d3f023e3,"001001 - West Cromwell Road, Earl's Court",Addie's Thai,['Thai Restaurant'],,
562a4bc6498e1b291dbaf77c,"022169 - Wren Street, Holborn",Mail Rail Trading,['Amusement Park'],,
59b3b756a6fe4d32cdb48598,"022169 - Wren Street, Holborn",Sorted,['Indoor Play Area'],,
4bcd9b248920b71357eb9fdc,"001157 - Black Lion Gate, Kensington Gardens",Diana Memorial Playground,['Playground'],,
558fb2ec498e642c87ea0f71,"001157 - Black Lion Gate, Kensington Gardens",Aubaine,"['Bakery', 'French Restaurant']",,
5b258aaa8a6f17002c44e85b,"001157 - Black Lion Gate, Kensington Gardens",Amorino,['Ice Cream Parlor'],,
4b58e470f964a520537128e3,"001157 - Black Lion Gate, Kensington Gardens",Hyde Park Apartments,"['Residential Building', 'Hotel']",,
578faa3acd10f99c795b5e11,"001157 - Black Lion Gate, Kensington Gardens",Normah's,"['Asian Restaurant', 'Halal Restaurant', 'Malay Restaurant']",,
4dc5575b2271f27051299d21,"001157 - Black Lion Gate, Kensington Gardens",DoubleTree by Hilton Hotel London - Hyde Park,['Hotel'],,
4b710b35f964a52011382de3,"001157 - Black Lion Gate, Kensington Gardens",Lo Spuntino,"['Café', 'Coffee Shop', 'Restaurant']",,
4b7a5cb8f964a520942a2fe3,"001157 - Black Lion Gate, Kensington Gardens",Grand Royale London Hyde Park,['Hotel'],,
4bcf61be0ffdce72726ab2c0,"001157 - Black Lion Gate, Kensington Gardens",Royal Bayswater Hostel London,['Hostel'],,
4f3cd95aa17c8a4ed1dbad18,"001157 - Black Lion Gate, Kensington Gardens",Q-Park Queensway,['Parking'],,
4bbf759ab083a593827aa3e9,"300087 - Imperial Road, Sands End",The Rose,"['Cocktail Bar', 'Pub', 'Restaurant']",,
4ee22d5377c8f9d389e47faa,"300087 - Imperial Road, Sands End",William Parnell Park,['Playground'],,
4c5ea6ab6ebe2d7f9825d62e,"300215 - St John's Crescent, Brixton",Stockwell Skatepark,['Skate Park'],,
4cc4278438aaa09346401162,"300215 - St John's Crescent, Brixton",Max Roach Park,['Playground'],,
4ac518e8f964a520b2ab20e3,"300215 - St John's Crescent, Brixton",O2 Academy Brixton,"['Concert Hall', 'Music Venue', 'Bar']",,
4c3096703896e21e20b7e590,"300230 - Wynne Road, Stockwell",Slade Gardens,['Park'],,
4ac518cff964a5205ea620e3,"001139 - Carey Street, Holborn",Honourable Society of Lincolns Inn,['Building / Structure'],,
4af49c85f964a52052f421e3,"001139 - Carey Street, Holborn",The Old Bank of England,"['Pub', 'Restaurant']",,
4bc07b6dabf49521b944bf93,"001179 - Chelsea Green, Chelsea",St Luke's Garden,['Park'],,
4fc4a2f3e4b035d6cb1a9c26,"001179 - Chelsea Green, Chelsea",Markham Square,['Park'],,
4b4077d4f964a52068b825e3,"001179 - Chelsea Green, Chelsea",St Luke's Playground,['Playground'],,
520e148311d24bf4ec1fec5c,"001179 - Chelsea Green, Chelsea",The Good Life Eatery,"['Café', 'Vegan and Vegetarian Restaurant']",,
54c39c74498ed093faa26917,"001179 - Chelsea Green, Chelsea",Britannia Parking,['Parking'],,
4c4a444b959220a144a2dc0d,"001173 - Gloucester Terrace, Bayswater",Westbourne Gardens,['Park'],,
4bd581fd6798ef3bcc64638d,"000965 - Tachbrook Street, Victoria",Vincent Square,['Park'],,
5750043d498ee38ae5fd88aa,"000965 - Tachbrook Street, Victoria",Gail's Artisan Bakery,['Bakery'],,
4b5303c1f964a5209f8c27e3,"000965 - Tachbrook Street, Victoria",Pimlico Fresh,"['Café', 'Restaurant']",,
4bd8894d5cf276b0a7819d00,"000965 - Tachbrook Street, Victoria",Dim T,"['Dim Sum Restaurant', 'Thai Restaurant']",,
62b98cbd80b8bb423cc0be16,"200070 - Arlington Road, Camden Town",Babylon Park,['Amusement Park'],,
7368698ad85d4e844aae7596,"200070 - Arlington Road, Camden Town",Londra Camden Town,['Park'],,
4ac518f4f964a520fbae20e3,"200070 - Arlington Road, Camden Town",Camden Lock Designs,['Furniture and Home Store'],,
4b70de36f964a52058322de3,"200070 - Arlington Road, Camden Town",Lockside Lounge,"['Cocktail Bar', 'Lounge', 'Restaurant']",,
4cec1c920f196dcb70c55bae,"200070 - Arlington Road, Camden Town",Devonshire Arms,['Pub'],,
626579705282f321c1b05c3d,"200070 - Arlington Road, Camden Town",YiFang Fruit Tea Camden Town,['Bubble Tea Shop'],,
4f92c44ee4b0f08d3f99c3a0,"000962 - Stamford Street, South Bank",St John's Churchyard Garden,['Landmarks and Outdoors'],,
4d43210a7fb05481381d7279,"000962 - Stamford Street, South Bank",The Green Room,"['Bar', 'English Restaurant']",,
5e2d9a887594ce0008020c93,"000962 - Stamford Street, South Bank",Apcoa Car Park,['Parking'],,
538cd04c498e98c029af44bf,"000962 - Stamford Street, South Bank",Doon Street Car Park,['Parking'],,
4b62f3b6f964a520775a2ae3,"000962 - Stamford Street, South Bank",Pleasuredrome,['Spa'],,
4b3b4b02f964a5202f7225e3,"200172 - Lansdowne Road, Ladbroke Grove",Paul UK,"['Bakery', 'French Restaurant', 'Italian Restaurant']",,
4ac518c7f964a52062a520e3,"200172 - Lansdowne Road, Ladbroke Grove",The Mitre,['Pub'],,
4bd46b546f6495212c426dec,"200172 - Lansdowne Road, Ladbroke Grove",Kyoto Garden in Holland Park,['Park'],,
560709fe498e663eae00684d,"200172 - Lansdowne Road, Ladbroke Grove",Flat Three,['Japanese Restaurant'],,
4c780417566db60c932e400e,"200172 - Lansdowne Road, Ladbroke Grove",The Castle,"['Pub', 'Gastropub']",,
4be0691c4c55b651326ceab7,"200172 - Lansdowne Road, Ladbroke Grove",Ravna Gora Hotel,"['Bed and Breakfast', 'Hotel']",,
4b750a42f964a520edfb2de3,"200172 - Lansdowne Road, Ladbroke Grove",Holland Park Underground Station,['Parking'],,
c7779d50447d46b7945610a5,"001096 - Bayswater Road, Hyde Park",Picnic in Hyde Park,['Park'],,
3e9446e6a7c3418c8cb4a832,"001096 - Bayswater Road, Hyde Park",Sussex Square,['Park'],,
4c39e5c31e06d13a4b467a3e,"001096 - Bayswater Road, Hyde Park",Italian Gardens,['Garden'],,
4bab2ca2f964a520e7973ae3,"001096 - Bayswater Road, Hyde Park",Royal Lancaster Hotel,['Hotel'],,
4ac518f8f964a520f4af20e3,"001096 - Bayswater Road, Hyde Park",Hyde Park Stables,['Stable'],,
502b5a95e4b0b2dbe8cb8143,"001096 - Bayswater Road, Hyde Park",Lancaster Gate,['Garden'],,
4ac518dbf964a5200ca920e3,"001096 - Bayswater Road, Hyde Park",Nipa Thai Restaurant,['Thai Restaurant'],,
4c39e6ffdfb0e21e3022b1a8,"001096 - Bayswater Road, Hyde Park",Italian Fountains,['Fountain'],,
4ac518b8f964a5207fa120e3,"001096 - Bayswater Road, Hyde Park",London Elizabeth Hotel,['Hotel'],,
4ac518ddf964a5206ca920e3,"001096 - Bayswater Road, Hyde Park",Island Grill,"['Gastropub', 'Modern European Restaurant']",,
51791eeae4b03163e8c849ff,"300082 - Bridge Avenue, Hammersmith",St Paul's Green,['Park'],,
4b87cf79f964a52014cd31e3,"300082 - Bridge Avenue, Hammersmith",Hop Poles,['Bar'],,
4c21fbbc11de20a13c1084ce,"200144 - Sea Containers, South Bank",Bernie Spain Gardens,['Park'],,
4c5ea6ab6ebe2d7f9825d62e,"200240 - Ferndale Road, Brixton",Stockwell Skatepark,['Skate Park'],,
4ac518e8f964a520b2ab20e3,"200240 - Ferndale Road, Brixton",O2 Academy Brixton,"['Concert Hall', 'Music Venue', 'Bar']",,
4cada0bc8c48a09325336d2c,"200240 - Ferndale Road, Brixton",Refill,"['Fish and Chips Shop', 'Caribbean Restaurant', 'Fast Food Restaurant']",,
575542b5498e26dad3c29e5d,"200240 - Ferndale Road, Brixton",Smoke & Salt,['Restaurant'],,
4c9b225478ffa0934b327275,"300202 - Kings Gate House, Westminster",Christchurch Gardens,['Park'],,
4b0c6aa1f964a520cd3c23e3,"300202 - Kings Gate House, Westminster",Flat Cap Coffee Co,"['Café', 'Coffee Shop', 'Restaurant']",,
4dd3ba3245dd98b61e72f551,"300202 - Kings Gate House, Westminster",Ristorante Bon Gustó,['Italian Restaurant'],,
4b630126f964a5203a5d2ae3,"300202 - Kings Gate House, Westminster",Cafe Fresco,"['Café', 'Restaurant']",,
4ce80028f1c6236aea035df0,"300055 - Stewart's Road, Wandsworth Road",McDonald's,"['Burger Joint', 'Fast Food Restaurant']",,
4ac518f7f964a520b7af20e3,"200025 - London Fields, Hackney Central",London Fields Lido,['Swimming Pool'],,
4ac518c5f964a520c7a420e3,"200025 - London Fields, Hackney Central",Pub on the Park,"['Beer Garden', 'Hotel Bar', 'Restaurant']",,
4e3428ef62e1733d7aa9a564,"200025 - London Fields, Hackney Central",Playground Two London Fields,['Playground'],,
4d973bbb744f3704cbe0ce57,"200025 - London Fields, Hackney Central",London Fields Playground,['Playground'],,
517dd6c25df9910ab5fb82ea,"200025 - London Fields, Hackney Central",The Brewhouse,"['Concert Hall', 'Beer Garden', 'Brewery']",,
4f4a5873e4b007d390a42bd3,"300018 - Charing Cross Hospital, Hammersmith",Margravine Gardens,['Park'],,
5d9eda769766eb0008dcbfd1,"300018 - Charing Cross Hospital, Hammersmith",Carbon Kopi,"['Coffee Shop', 'Restaurant']",,
edf83e767fc143f1edd1f45a,"200096 - Green Park Station, Mayfair",Green Park,['Park'],,
4ac518c0f964a5209aa320e3,"200096 - Green Park Station, Mayfair",The Wolseley,"['Bistro', 'Austrian Restaurant', 'Modern European Restaurant']",,
4ac518b5f964a520c2a020e3,"200096 - Green Park Station, Mayfair",The May Fair Hotel,['Hotel'],,
4d6bf23bd47bb60c0f17a5aa,"200096 - Green Park Station, Mayfair",The Stafford London,['Hotel'],,
4b2d1b0ff964a52068ce24e3,"200096 - Green Park Station, Mayfair",Kings Arms,"['Pub', 'Swiss Restaurant']",,
4ada1242f964a520fe1d21e3,"200096 - Green Park Station, Mayfair",Holiday Inn London - Mayfair,['Lodging'],,
4bd76b310b779c74a72405a0,"200096 - Green Park Station, Mayfair",Henry's Cafe Bar,"['Cocktail Bar', 'Wine Bar', 'English Restaurant']",,
4f3bc971e4b0839f5a166e67,"200096 - Green Park Station, Mayfair",Caffè Nero,"['Cafes, Coffee, and Tea Houses']",,
4b54b78bf964a520a8c827e3,"200096 - Green Park Station, Mayfair",Green Park London Underground Station,['Public Transportation'],,
5a560d9c535d6f17c1b6ba63,"200096 - Green Park Station, Mayfair",Berkeley Street Bar,['Cocktail Bar'],,
4b5ac69ff964a52020d428e3,"300209 - Albert Square, Stockwell",Albert Square,['Park'],,
4bed0d1691380f471a639f18,"200233 - South Quay East, Canary Wharf",Jubilee Park,['Park'],,
60d1f7b237935e79461b6c51,"200233 - South Quay East, Canary Wharf",Harbour Quay Gardens,['Park'],,
4ec003c330f82a2e1339443b,"200233 - South Quay East, Canary Wharf",Goodman Canary Wharf,"['American Restaurant', 'New American Restaurant', 'Steakhouse']",,
4b2a3bcaf964a52059a624e3,"200233 - South Quay East, Canary Wharf",Wagamama Canary Wharf,['Restaurant'],,
62aa21b726b64376bf20ac43,"003507 - Store Street, Bloomsbury",Alfred Place Gardens,['Park'],,
4bc41d994cdfc9b675459821,"003507 - Store Street, Bloomsbury",Crabtree Fields,['Park'],,
4fbf947ae4b01d88cdc68413,"003507 - Store Street, Bloomsbury",Malet Street Gardens,['Park'],,
4bc2dace920eb713eab21c2c,"003507 - Store Street, Bloomsbury",Whitfield Gardens,['Landmarks and Outdoors'],,
ef6413b1b3ea41572b09f4b5,"003507 - Store Street, Bloomsbury",Bedford Square Garden,['Park'],,
9beb87e86342468260ca5149,"003507 - Store Street, Bloomsbury",Sun Orbit Amusements,['Amusement Park'],,
50fc2223e4b05d912eaf8e8d,"003507 - Store Street, Bloomsbury",The Life Goddess,['Greek Restaurant'],,
4ac518caf964a520bda520e3,"003507 - Store Street, Bloomsbury",Elysee,['Greek Restaurant'],,
4b588581f964a520e75b28e3,"003507 - Store Street, Bloomsbury",College Arms,['Bar'],,
4f16d63de4b03856f5afb4d3,"003507 - Store Street, Bloomsbury",Orchidya,['Flower Store'],,
33612f23c3f24cd95509cf25,"001016 - Hereford Road, Bayswater",Leinster Square,['Park'],,
4aec9f2bf964a5208bc921e3,"001016 - Hereford Road, Bayswater",Hafez Restaurant,"['Middle Eastern Restaurant', 'Persian Restaurant']",,
4b6c2ae4f964a5204a272ce3,"001016 - Hereford Road, Bayswater",The Prince Edward,"['Pub', 'Gastropub']",,
4c6efd3db3ce224b11766fc6,"001016 - Hereford Road, Bayswater",Durbar Tandoori Restaurant,['Indian Restaurant'],,
4bd5d4ca7b1876b0fe728b86,"001016 - Hereford Road, Bayswater",Grand Plaza Serviced Apartments,['Hotel'],,
4c17df0b834e2d7f22062880,"001016 - Hereford Road, Bayswater",Wedgewood Hotel,['Hotel'],,
4ac518b6f964a5201ba120e3,"001016 - Hereford Road, Bayswater",Bayswater Inn,['Hotel'],,
60eaefdce7272a24fba944ab,"001016 - Hereford Road, Bayswater",Little Dobbies Westbourne Grove,['Garden Center'],,
4be41f9c2457a59391c3a915,"001086 - Baker Street, Marylebone",Paddington Street Gardens,['Playground'],,
58c6abda7b88a758faedc68e,"001086 - Baker Street, Marylebone",Joe & the Juice,['Juice Bar'],,
4ace5b33f964a5200fd020e3,"001086 - Baker Street, Marylebone",Trishna,['Indian Restaurant'],,
4e7b7a8fb0fb5921305bda23,"001086 - Baker Street, Marylebone",Children's Playground,['Playground'],,
4bf69f0ebfeac92824a39436,"003451 - Golden Square, Soho",9 Golden Square,['Landmarks and Outdoors'],,
62da5ff1ae3cf0256a220807,"003451 - Golden Square, Soho",Hyde-Park,['Park'],,
57f16e43498ee073f6a0897e,"003451 - Golden Square, Soho",Kiln,['Thai Restaurant'],,
4ac518d5f964a520e5a720e3,"003451 - Golden Square, Soho",Mildreds,['Vegan and Vegetarian Restaurant'],,
4ac518cff964a5206fa620e3,"003451 - Golden Square, Soho",Golden Square,['Monument'],,
4ad86cedf964a520521121e3,"003451 - Golden Square, Soho",Whole Foods Market,"['Grocery Store / Supermarket', 'Health Food Store']",,
4c76d039923ba1431a1b65e6,"003451 - Golden Square, Soho",Veeraswamy,['Indian Restaurant'],,
5d569b5b32b9dd0008529847,"003451 - Golden Square, Soho",Bafarat,"['Coffee Shop', 'Restaurant']",,
4ac518dff964a52003aa20e3,"003451 - Golden Square, Soho",Masala Zone Soho,['Indian Restaurant'],,
50659ee9e4b0105355bf4f90,"003451 - Golden Square, Soho",Bone Daddies,['Ramen Restaurant'],,
4ac518bbf964a5200ca220e3,"022174 - Granby Street, Shoreditch",Beigel Bake,"['Bagel Shop', 'Bakery', 'Jewish Restaurant']",,
4e591478aeb7d78d9f7182e5,"300060 - Brandon Street, Walworth",Nursery Row,['Park'],,
56f399b4498e79a0ac144e90,"300060 - Brandon Street, Walworth",Nursery Row Park,['Park'],,
51d98fb7498ea185547e10e8,"300060 - Brandon Street, Walworth",Faraday Gardens,['Park'],,
4d31b12ef8c9224beb62a9d2,"300045 - Albert Bridge Road, Battersea Park",Battersea Park Adventure Playground,['Playground'],,
4e1ee38662e19e27e24de8eb,"300045 - Albert Bridge Road, Battersea Park",Caffettino,"['Café', 'Coffee Shop', 'Italian Restaurant']",,
4c0cec75c700c9b6c58ca1dd,"300005 - Ethelburga Estate, Battersea Park",Millennium Arena,['Gym and Studio'],,
517a2744e4b027b156f9e7d0,"300220 - Farringdon Street, Holborn",Bird of Smithfield,"['Cocktail Bar', 'English Restaurant']",,
4b757879f964a520530e2ee3,"300220 - Farringdon Street, Holborn",Stonecutter Court,['Sculpture Garden'],,
4d34532c306160fc22346b88,"300220 - Farringdon Street, Holborn",The Golden Boy,['Landmarks and Outdoors'],,
5182a46e498efd641fd9a954,"300220 - Farringdon Street, Holborn",Smithfield Central Market Car Park,['Parking'],,
4bcf20d2cc8cd13ad464c5cf,"300228 - Westferry Circus, Canary Wharf",Parking Westferry Circus,['Park'],,
4c653793e0c4be9a4e798758,"001127 - Risinghill Street, Angel",Delhi Grill,['Indian Restaurant'],,
5516a9c8498ec1c4b3c0bbec,"001127 - Risinghill Street, Angel",Culpeper Playground,['Playground'],,
5a63b227a35dce5151832090,"001127 - Risinghill Street, Angel",Masigo,['Korean Restaurant'],,
54181f13498e21780ce72194,"001127 - Risinghill Street, Angel",Sally Beauty,['Cosmetics Store'],,
4bc07b6dabf49521b944bf93,"001218 - Flood Street, Chelsea",St Luke's Garden,['Park'],,
4bacb537f964a520a1053be3,"001218 - Flood Street, Chelsea",The Chelsea Gardener,['Garden Center'],,
4b55f12cf964a520d1f727e3,"001218 - Flood Street, Chelsea",Coopers Arms,"['Pub', 'Gastropub']",,
4da1ee89d686b60c7638af28,"300247 - Cranmer Road, Stockwell",SW9 Sushi Bar,"['Deli', 'Sushi Restaurant']",,
4d8f43a91d06b1f740e45a3b,"300074 - Newton Street, Covent Garden",Bloomsbury Square Playground,['Playground'],,
4b461607f964a520ed1526e3,"300074 - Newton Street, Covent Garden",The George,['Bar'],,
4ac518bff964a52043a320e3,"300074 - Newton Street, Covent Garden",Tropicana Beach Club,"['Night Club', 'Cocktail Bar', 'Restaurant']",,
4bbcb7fda0a0c9b60dad1a0f,"300074 - Newton Street, Covent Garden",NCP London Covent Garden,['Parking'],,
4bc6d29ab387d13a5765c2e8,"001029 - Windsor Terrace, Hoxton",Royal Star,"['Pub', 'Restaurant']",,
4ad85d94f964a520161121e3,"001029 - Windsor Terrace, Hoxton",The Eagle,"['Beer Bar', 'Lounge', 'Pub']",,
4c430eb7ce54e21eb27d0d1a,"200129 - Charlotte Terrace, Angel",Barnard Park,['Park'],,
4b0d920cf964a520424b23e3,"200129 - Charlotte Terrace, Angel","The Crown, Islington",['Bar'],,
4e06057cb0fbba5eee12cc24,"200129 - Charlotte Terrace, Angel",Barnard Park Adventure Playground,"[""Children's Clothing Store""]",,
4ec7e75799115348d9832a98,"200129 - Charlotte Terrace, Angel",Islington angel,['Garden Center'],,
4e073e46c65b5bf2778e85e3,"200241 - Bonner Gate, Victoria Park",Some Tree on Some Patch of Grass,['Park'],,
500d5c2ae4b0ddfaa7db5f3e,"200241 - Bonner Gate, Victoria Park",Waterfall Steps Victoria Park,['Park'],,
60bcca7132ac131badc5a202,"200241 - Bonner Gate, Victoria Park",Jollof Mama,['Food Stand'],,
4dc2eb44d4c07da16a03dac9,"003470 - Great Percy Street, Clerkenwell",Percy Circus,['Park'],,
4ecfa99d61af476c07a338f0,"003470 - Great Percy Street, Clerkenwell",Granville Square,['Park'],,
4b462efbf964a5205a1926e3,"022173 - Old Ford Road, Bethnal Green",The Approach Tavern - Remarkable Restaurants,['Pub'],,
4bf6c45913aed13a1b28eaf7,"200064 - Regent's Row , Haggerston",London Fields,['Playground'],,
4fc1047ce4b0c9fe059d23f4,"200064 - Regent's Row , Haggerston",Broadway Market Green,['Park'],,
4ac518d2f964a5200aa720e3,"200064 - Regent's Row , Haggerston",14 Broadway Market Limited,['Grocery Store / Supermarket'],,
52fdef82498e23acb444da8f,"200064 - Regent's Row , Haggerston",Franco Manca,['Pizzeria'],,
4ac518cef964a52027a620e3,"010631 - Holland Park, Kensington",Holland Park,['Park'],,
92f12268439744bb9f2937cd,"010631 - Holland Park, Kensington",Holland Park,['Urban Park'],,
4c0d34a7336220a1e65fca77,"010631 - Holland Park, Kensington",Opera Holland Park,"['Music Venue', 'Opera House', 'Restaurant']",,
560d80a5498e5ea093c7313a,"010631 - Holland Park, Kensington",Safestay,['Hostel'],,
5ba7cf1cdb1d81002cf465e6,"010631 - Holland Park, Kensington",Holland Park Toddler Playground,['Playground'],,
4c0a02c7009a0f47fcc7e8bf,"010631 - Holland Park, Kensington",Holland Park Sports Field,['Soccer Field'],,
4cdc4b81930af04d6a8d8f97,"003487 - Campden Hill Road, Notting Hill",Airlie Gardens,['Park'],,
4e579f7fd16491e0ae4b5a2f,"003487 - Campden Hill Road, Notting Hill",Campden Hill Square,['Park'],,
4fb5902e754addc067345b2a,"003487 - Campden Hill Road, Notting Hill",Mazi,['Greek Restaurant'],,
4bf90af54a67c9282a4626cf,"200156 - Pott Street, Bethnal Green",Museum Gardens,['Park'],,
4bc0623bf8219c74287cb110,"200156 - Pott Street, Bethnal Green",Bethnal Green Gardens,['Park'],,
4df5b4d4a809141629a9f684,"200156 - Pott Street, Bethnal Green",Middleton Green,['Park'],,
880bf61fa04f4f7bd3853228,"200156 - Pott Street, Bethnal Green","Paradise Gardens, Paradise Row, London",['Park'],,
4e83b6abb8f7e9f997b3c2a7,"200156 - Pott Street, Bethnal Green",Travis Perkins,['Construction Supplies Store'],,
4ac518e8f964a52075ab20e3,"003499 - Prince Consort Road, Knightsbridge",Royal Albert Hall,['Building / Structure'],,
4ac518b7f964a52055a120e3,"003499 - Prince Consort Road, Knightsbridge",Astor Hyde Park Hostel,"['Hostel', 'Hotel']",,
51e2a265498e6f1748fa0794,"003499 - Prince Consort Road, Knightsbridge",Rhubarb,"['Café', 'Event Space']",,
57eea1e5498e9546425ec77b,"003499 - Prince Consort Road, Knightsbridge",Heineken Green Room,['Lounge'],,
598db01a5c68384be552c5f3,"003499 - Prince Consort Road, Knightsbridge",Imperial College London Car Park,['Parking'],,
4ac518f7f964a520c5af20e3,"003499 - Prince Consort Road, Knightsbridge",Royal College of Art,['College Arts Building'],,
4db1a7bd93a061576859e555,"001147 - Clifton Road, Maida Vale",Crescent Gardens,['Park'],,
4bf90af54a67c9282a4626cf,"200042 - York Hall, Bethnal Green",Museum Gardens,['Park'],,
4df5b4d4a809141629a9f684,"200042 - York Hall, Bethnal Green",Middleton Green,['Park'],,
880bf61fa04f4f7bd3853228,"200042 - York Hall, Bethnal Green","Paradise Gardens, Paradise Row, London",['Park'],,
5a89ca6c838e597879dcb341,"200042 - York Hall, Bethnal Green",Sodo Pizza - Bethnal Green,['Pizzeria'],,
4e83b6abb8f7e9f997b3c2a7,"200042 - York Hall, Bethnal Green",Travis Perkins,['Construction Supplies Store'],,
4c4a444b959220a144a2dc0d,"001041 - Westbourne Grove, Bayswater",Westbourne Gardens,['Park'],,
4bd61d61cfa7b713601427da,"001041 - Westbourne Grove, Bayswater",Phoenix Hotel,['Hotel'],,
4c6efd3db3ce224b11766fc6,"001041 - Westbourne Grove, Bayswater",Durbar Tandoori Restaurant,['Indian Restaurant'],,
4d14ea7f8312236a6f5c4eba,"001041 - Westbourne Grove, Bayswater",Tinseltown,['American Restaurant'],,
4eb423170aaf1abedeba8410,"001041 - Westbourne Grove, Bayswater",Kildare Gardens W2,['Playground'],,
4bd5d4ca7b1876b0fe728b86,"001041 - Westbourne Grove, Bayswater",Grand Plaza Serviced Apartments,['Hotel'],,
4de207df1f6e3190cd069d18,"001199 - The Tennis Courts, The Regent's Park",Queen Mary's Gardens,['Garden'],,
4ad328e2f964a52041e320e3,"001199 - The Tennis Courts, The Regent's Park",Regent's University,['College and University'],,
198dd661bda84b4875d9f9be,"003465 - Eccleston Place, Victoria",Grosvenor Gardens Department,['Park'],,
4cebbf17f3bda143a27dcde4,"003465 - Eccleston Place, Victoria",Peggy Porschen Cakes,"['Bakery', 'Cupcake Shop', 'Restaurant']",,
4b12c38ef964a520a28d23e3,"003465 - Eccleston Place, Victoria",The Thomas Cubitt,"['Bar', 'Gastropub']",,
4ac518f6f964a52052af20e3,"003465 - Eccleston Place, Victoria",London Victoria Railway Station (VIC),['Rail Station'],,
4bd6e9305631c9b6fa8ca630,"001023 - River Street , Clerkenwell",Myddelton Square,['Park'],,
4dc2eb44d4c07da16a03dac9,"001023 - River Street , Clerkenwell",Percy Circus,['Park'],,
4c5eb5b694fd0f476ed8ce45,"001023 - River Street , Clerkenwell",Saint Martin's Church Garden,['Park'],,
4b488723f964a520ca4e26e3,"000979 - Wenlock Road , Hoxton",Shepherdess Walk Park,['Park'],,
4ac518cdf964a520e8a520e3,"002677 - Natural History Museum, South Kensington",Natural History Museum,['Science Museum'],,
5016a8d8e4b0b960192695e6,"200027 - Ford Road, Old Ford",St Stephens Green,['Park'],,
5828caa7165d973540c1eccc,"200027 - Ford Road, Old Ford",Vicolo Romano,"['Pizzeria', 'Italian Restaurant']",,
543a9817498ef7b662874fbb,"200027 - Ford Road, Old Ford",Vinarius,"['Liquor Store', 'Wine Store']",,
