name,latitude,longitude,free_bikes
"001023 - River Street , Clerkenwell",51.52916347,-0.109970527,2
"001018 - Phillimore Gardens, Kensington",51.49960695,-0.197574246,19
"001012 - Christopher Street, Liverpool Street",51.52128377,-0.084605692,21
"001024 - Park Street, Bankside",51.50597426,-0.092754157,18
"001022 - Brunswick Square, Bloomsbury",51.52395143,-0.122502346,24
"000980 - Malet Street, Bloomsbury",51.52168078,-0.130431727,30
"001011 - Belgrove Street , King's Cross",51.52994371,-0.123616824,23
"001010 - Cartwright Gardens , Bloomsbury",51.52635795,-0.125979294,20
"001007 - Drury Lane, Covent Garden",51.51477076,-0.12221963,25
"001009 - Taviton Street, Bloomsbury",51.52505093,-0.131161087,4
"000993 - Drummond Street , Euston",51.527326,-0.13605286,20
"001019 - Ampton Street , Clerkenwell",51.52728093,-0.11829517,6
"001025 - Bolsover Street, Fitzrovia",51.52351808,-0.143613641,7
"001029 - Windsor Terrace, Hoxton",51.52915444,-0.093421615,9
"003446 - De Vere Gardens, Kensington",51.50173726,-0.184980612,5
"003445 - Shoreditch High Street, Shoreditch",51.5263778,-0.078130921,3
"001084 - Pindar Street, Liverpool Street",51.520955,-0.083493552,8
"001036 - Crawford Street, Marylebone",51.52026,-0.157183945,7
"000971 - Godliman Street, St. Paul's",51.51248445,-0.099141408,7
"001054 - East Road, Hoxton",51.52867339,-0.087459376,13
"001026 - Roscoe Street, St. Luke's",51.52295439,-0.094934859,9
"003431 - Grafton Street, Mayfair",51.5099923,-0.143495266,4
"001033 - Paddington Street, Marylebone",51.52058381,-0.154701411,12
"001032 - New Inn Yard, Shoreditch",51.52452699,-0.079248081,12
"001030 - Lisson Grove, St. John's Wood",51.52644828,-0.172190727,8
"001028 - William IV Street, Strand",51.50946212,-0.124749274,21
"000982 - Holborn Circus, Holborn",51.51795029,-0.108657431,7
"000975 - Theobald's Road , Holborn",51.52059681,-0.116688468,2
"001064 - Old Street Station, St. Luke's",51.52548,-0.089659871,29
"000978 - Russell Square Station, Bloomsbury",51.52341837,-0.124121774,26
"001038 - Harrington Square 1, Camden Town",51.53301907,-0.139174593,4
"002586 - Cloudesley Road, Angel",51.53440868,-0.109025404,7
"001065 - Aldersgate Street, Barbican",51.5208417,-0.097340162,3
"001047 - Falkirk Street, Hoxton",51.53095071,-0.078505384,15
"001045 - Jewry Street, Aldgate",51.51340693,-0.076793375,17
"000991 - Crosswall, Tower",51.51159481,-0.077121322,22
"001042 - Woodstock Street, Mayfair",51.51410514,-0.147301667,5
"001049 - Finsbury Leisure Centre, St. Luke's",51.52600832,-0.096317627,2
"003429 - Abbey Orchard Street, Westminster",51.49812559,-0.132102166,27
"001052 - Soho Square , Soho",51.51563144,-0.132328837,54
"001055 - Wellington Road, St. John's Wood",51.53304322,-0.172528678,12
"001037 - Park Lane , Hyde Park",51.5100172,-0.157275636,2
"001050 - Park Road (Baker Street), The Regent's Park",51.52451738,-0.158963647,14
"000995 - Little Argyll Street, West End",51.51449962,-0.141423695,19
"003457 - Rochester Row, Westminster",51.49582705,-0.13547809,11
"001043 - Museum of London, Barbican",51.51782144,-0.096496865,38
"001116 - Emperor's Gate, South Kensington",51.49536226,-0.185296516,17
"001039 - Wapping High Street, Wapping",51.504904,-0.06797,0
"001053 - Clerkenwell Green, Clerkenwell",51.52326004,-0.104708922,5
"001048 - Queen Victoria Street, St. Paul's",51.51196176,-0.097441687,8
"003464 - Green Street, Mayfair",51.51227622,-0.157436972,12
"001056 - Finsbury Square , Moorgate",51.52096262,-0.085634242,12
"001093 - Kennington Cross, Kennington",51.48894022,-0.111435796,22
"001115 - Ilchester Place, Kensington",51.50074359,-0.202759212,20
"001046 - Vauxhall Bridge , Pimlico",51.48836528,-0.129361842,4
"003456 - Portugal Street, Holborn",51.51494305,-0.11614642,0
"001118 - Hampton Street, Walworth",51.49217002,-0.101536865,16
"001121 - Lexham Gardens, Kensington",51.49586666,-0.191933711,9
"001113 - Trebovir Road, Earl's Court",51.49085368,-0.196170309,8
"003458 - Waterloo Place, St. James's",51.50663341,-0.131773845,1
"003478 - Guildhouse Street, Victoria",51.49234577,-0.141334487,12
"001123 - Southampton Place, Holborn",51.51760685,-0.121328408,11
"003461 - Sloane Avenue, Knightsbridge",51.4931848,-0.167894973,14
"002585 - Orsett Terrace, Bayswater",51.517932,-0.183716959,7
"003463 - Argyll Road, Kensington",51.50040123,-0.195455928,17
"003477 - Porchester Place, Paddington",51.5147461,-0.1651640000000043,3
"003459 - Collingham Gardens, Earl's Court",51.4916156,-0.186753859,2
"001124 - Sumner Place, South Kensington",51.49121192,-0.173715911,2
"001122 - Ashley Place, Victoria",51.49616092,-0.140947636,25
"003460 - Warwick Square, Pimlico",51.48985626,-0.141923621,5
"001126 - North Audley Street, Mayfair",51.5129118,-0.153645496,13
"003473 - Belgrave Square, Belgravia",51.49941247,-0.152317537,1
"001167 - South Wharf Road, Paddington",51.51733558,-0.175810943,4
"001112 - Nutford Place, Marylebone",51.5165179,-0.164393768,13
"001163 - Wardour Street, Soho",51.51251523,-0.133201961,16
"000960 - Hop Exchange, The Borough",51.50462759,-0.091773776,55
"001080 - Great Tower Street, Monument",51.51048489,-0.082989638,8
"001102 - Leman Street, Aldgate",51.51236389,-0.06954201,6
"001040 - West Smithfield Rotunda, Farringdon",51.51821864,-0.100791005,2
"003468 - Margery Street, Clerkenwell",51.52659961,-0.112432615,3
"003476 - Hinde Street, Marylebone",51.51681444,-0.151926305,2
"001079 - Endsleigh Gardens, Euston",51.52683806,-0.130504336,17
"001092 - Moorfields, Moorgate",51.51906932,-0.088285377,31
"003479 - Old Brompton Road, South Kensington",51.49094565,-0.181190899,11
"002587 - Wormwood Street, Liverpool Street",51.51615461,-0.082422399,4
"003486 - St. Luke's Church, Chelsea",51.48971651,-0.170194408,17
"003481 - Rodney Road , Walworth",51.49148474,-0.090220911,13
"001150 - Queensway, Kensington Gardens",51.51031,-0.18740235,9
"003488 - Charles II Street, West End",51.50844614,-0.131961389,11
"003470 - Great Percy Street, Clerkenwell",51.52891573,-0.115480888,7
"001067 - St. James's Square, St. James's",51.50742485,-0.134621209,4
"001144 - Poured Lines, Bankside",51.50669284,-0.103137426,29
"001153 - Pall Mall East, West End",51.50777049,-0.130699733,22
"001154 - Kennington Road  , Vauxhall",51.49571828,-0.110889274,30
"003483 - Fashion Street, Whitechapel",51.51838043,-0.073438925,25
"003467 - Dock Street, Wapping",51.5097860151,-0.0681619805156,11
"001090 - Warren Street Station, Euston",51.52443845,-0.138019439,4
"003482 - Beaumont Street, Marylebone",51.52200801,-0.151359288,14
"001145 - Earnshaw Street , Covent Garden",51.51611887,-0.128585022,18
"001140 - Grosvenor Road, Pimlico",51.4853572,-0.142207481,10
"001159 - Berry Street, Clerkenwell",51.52285301,-0.099994052,17
"001161 - Brushfield Street, Liverpool Street",51.518908,-0.079249,12
"001051 - Shoreditch Park, Hoxton",51.53404294,-0.086379717,22
"003471 - Chadwell Street, Angel",51.53051587,-0.106408455,0
"003484 - Houghton Street, Strand",51.51362054,-0.116764211,3
"003489 - Broadwick Street, Soho",51.5136846,-0.135580879,16
"003491 - Princes Square, Bayswater",51.5134891,-0.191351186,0
"001146 - Tysoe Street, Clerkenwell",51.52644342,-0.109256828,14
"003490 - Southwick Street, Paddington",51.51595344,-0.169249375,6
"001155 - Regency Street, Westminster",51.49206037,-0.132224622,1
"001209 - Empire Square, The Borough",51.50082346,-0.089740764,21
"001190 - Kennington Lane Rail Bridge, Vauxhall",51.4863434,-0.122492418,30
"001136 - London Zoo,  The Regent's Park",51.53583617,-0.156285395,12
"001133 - Baylis Road, Waterloo",51.50144456,-0.110699309,22
"001134 - Warwick Road, Olympia",51.49671237,-0.20528437,24
"001143 - Kensington Church Street, Kensington",51.50315739,-0.191496313,16
"001108 - North Wharf Road, Paddington",51.51862243,-0.176645823,11
"003462 - Royal Avenue 2, Chelsea",51.490083,-0.162418,4
"003480 - Smith Square, Westminster",51.49580589,-0.127575233,18
"001141 - Kingsway, Covent Garden",51.51440928,-0.118478757,15
"001117 - Lambeth North Station, Waterloo",51.49914063,-0.112031483,14
"001156 - Bedford Way, Bloomsbury",51.52367314,-0.128377673,20
"001138 - Elizabeth Bridge, Victoria",51.49236962,-0.147478734,25
"003496 - St Mary's Hospital, Paddington",51.518268,-0.17110323,10
"001135 - Claverton Street, Pimlico",51.48483991,-0.138089062,28
"001214 - Kensington Olympia Station, Olympia",51.49815779,-0.209494128,1
"001216 - Swan Street, The Borough",51.50029631,-0.092762704,13
"003498 - Geraldine Street, Elephant & Castle",51.49612799,-0.106000855,10
"001152 - Marylebone Lane, Marylebone",51.51475963,-0.148105415,9
"003492 - Putney Pier, Wandsworth",51.466907,-0.216573,27
"001157 - Black Lion Gate, Kensington Gardens",51.50990837,-0.187842717,22
"003494 - Foley Street, Fitzrovia",51.51918144,-0.140485596,6
"001130 - Grove End Road, St. John's Wood",51.53088935,-0.176770502,2
"003495 - Wells Street, Fitzrovia",51.51734403,-0.138072691,27
"003485 - Tyers Gate, Bermondsey",51.50088934,-0.083159352,30
"000968 - Warwick Row, Westminster",51.497998,-0.14296064,20
"003500 - Baldwin Street, St. Luke's",51.52702563,-0.088542771,9
"001148 - Queen Mother Sports Centre, Victoria",51.49357351,-0.139956043,17
"002637 - Bermondsey Street, Bermondsey",51.49785559,-0.081608045,12
"003502 - Palissy Street, Shoreditch",51.526293,-0.073955,16
"003501 - Clifton Street, Shoreditch",51.523196,-0.083067,3
"001131 - Graham Street, Angel",51.53266186,-0.099981142,8
"002641 - New North Road 2, Hoxton",51.53114,-0.086016,4
"002636 - Prince Albert Road, The Regent's Park",51.53589283,-0.160854428,17
"001211 - Bunhill Row, Moorgate",51.52085887,-0.089887855,25
"001210 - Nevern Place, Earl's Court",51.49334336,-0.194757949,13
"002633 - Palace Gardens Terrace, Notting Hill",51.50860544,-0.193764092,5
"001127 - Risinghill Street, Angel",51.5333196,-0.1117812,3
"001222 - Goswell Road (City Uni), Finsbury",51.528246,-0.10102611,5
"001218 - Flood Street, Chelsea",51.48802358,-0.166878535,32
"001226 - Macclesfield Rd, St Lukes",51.529423,-0.097122,15
"001224 - Vauxhall Street, Vauxhall",51.486965,-0.116625,10
"001229 - High Holborn , Covent Garden",51.516226,-0.124826,19
"002662 - Butler Place, Westminster",51.49782999,-0.135440826,14
"002666 - Howick Place, Westminster",51.49675303,-0.138733562,4
"002680 - Harrowby Street, Marylebone",51.5173721,-0.1642075,9
"002681 - Harriet Street, Knightsbridge",51.50024195,-0.15934065,21
"002670 - Paddington Green, Paddington",51.520205,-0.174593,8
"002639 - King Edward Walk, Waterloo",51.49775,-0.10988,12
"002649 - Sardinia Street, Holborn",51.515208,-0.117863,1
"002683 - Millbank Tower, Pimlico",51.49188409,-0.125674815,8
"002678 - Farm Street, Mayfair",51.50935171,-0.14744969,4
"002660 - Frith Street, Soho",51.51310333,-0.13121385,17
"003504 - Moor Street, Soho",51.51352755,-0.130110822,14
"001223 - Buxton Street 1, Shoreditch",51.521776,-0.068856,10
"001227 - Devonshire Terrace, Bayswater",51.51348,-0.17977,6
"001129 - Sun Street, Liverpool Street",51.520009,-0.083935724,12
"010624 - Strata, Elephant & Castle",51.493146,-0.099828,10
"022179 - Exhibition Road, Knightsbridge",51.499917,-0.174554,7
"022171 - Red Lion Street, Holborn",51.51824,-0.11655,18
"200056 - Vauxhall Walk, Vauxhall",51.488124,-0.120903,26
"200053 - Killick Street, King's Cross",51.5338,-0.118677,20
"200032 - Kennington Oval, Oval",51.483145,-0.113134,21
"200039 - Sail Street, Vauxhall",51.495656,-0.114605,19
"200035 - Walmer Road, Avondale",51.510101,-0.211358,16
"200033 - Philpot Street, Whitechapel",51.515256,-0.058641,4
"200047 - Bethnal Green Garden, Bethnal Green",51.52568,-0.055312,22
"200042 - York Hall, Bethnal Green",51.528936,-0.055894,21
"200054 - Jubilee Crescent, Cubitt Town",51.493381,-0.007542,9
"200020 - Shadwell Station, Shadwell",51.511088,-0.057159,9
"200021 - Hermitage Court, Wapping",51.504719,-0.063531,16
"200046 - Napier Avenue, Millwall",51.487679,-0.021582,1
"200031 - East Ferry Road, Cubitt Town",51.49447,-0.014409,13
"200016 - Castlehaven Road, Camden Town",51.542138,-0.145393,28
"200014 - Gunmakers Lane, Old Ford",51.535179,-0.03338,2
"200013 - Aston Street, Stepney",51.516,-0.038775,3
"200152 - Pitfield Street North,Hoxton",51.53558,-0.08249,12
"200158 - Whiston Road, Haggerston",51.534464,-0.076341,6
"200168 - Southern Grove, Bow",51.523538,-0.030556,7
"200150 - Cantrell Road, Bow",51.521564,-0.022694,3
"200174 - Mostyn Grove, Bow",51.530535,-0.025492,1
"200019 - Malmesbury Road, Bow",51.529452,-0.027616,1
"200155 - Gascoyne Road, Victoria Park",51.541515,-0.038557746,17
"200009 - Stebondale Street, Cubitt Town",51.489096,-0.009205,16
"200018 - Spindrift Avenue, Millwall",51.49109,-0.018716,3
"200012 - Stepney Green Station, Stepney",51.521889,-0.04667,12
"200156 - Pott Street, Bethnal Green",51.527152,-0.058005,12
"200022 - Saunders Ness Road, Cubitt Town",51.487129,-0.0090011,33
"200249 - Queen Mary's, Mile End",51.522507,-0.041378,12
"200230 - Maplin Street, Mile End",51.525501,-0.032267204,12
"200233 - South Quay East, Canary Wharf",51.50196,-0.016251,13
"200252 - Bow Church Station, Bow",51.528169,-0.018703,15
"200255 - Devons Road, Bow",51.52512,-0.015578,9
"200242 - Merchant Street, Bow",51.526578,-0.027581,8
"200251 - Bow Road Station, Bow",51.527058,-0.025296,7
"200011 - Furze Green, Bow",51.519265,-0.021345,1
"200148 - Ansell House, Stepney",51.520019,-0.05438,4
"200241 - Bonner Gate, Victoria Park",51.53341,-0.049591815,5
"200250 - Cleveland Way, Stepney",51.520893,-0.051394,6
"200243 - St. John's Park, Cubitt Town",51.496454,-0.009506,16
"200038 - Ackroyd Drive, Bow",51.520398,-0.026768,4
"200036 - Bell Lane, Liverpool Street",51.517475,-0.075855,2
"200157 - Fournier Street, Whitechapel",51.519362,-0.074431,17
"200253 - Fore Street, Guildhall",51.517842,-0.090075,0
"200238 - Westferry DLR, Limehouse",51.509303,-0.025996,40
"200256 - Sutton Street, Shadwell",51.511066,-0.053558,13
"200162 - Watney Market, Stepney",51.5142228,-0.055656,12
"200027 - Ford Road, Old Ford",51.532513,-0.033085,4
"200041 - Antill Road, Mile End",51.528224,-0.037471,13
"200254 - Teviot Street, Poplar",51.518811,-0.011662,7
"200234 - Bancroft Road, Bethnal Green",51.526041,-0.047218,5
"200161 - Clinton Road, Mile End",51.525941,-0.036017,11
"200160 - Langdon Park, Poplar",51.51549,-0.013475,9
"200017 - Lancaster Gate , Bayswater",51.511654,-0.179668,7
"200153 - Blythe Road, Olympia",51.496927,-0.21350087,18
"200143 - Lancaster Drive, Blackwall",51.503143,-0.008428,12
"200154 - Hansard Mews, Holland Park",51.503802,-0.215808,19
"200010 - Manresa Road, Chelsea",51.486892,-0.170983,15
"200146 - Newby Place, Poplar",51.508896,-0.012413,11
"200167 - Twig Folly Bridge, Mile End",51.530326,-0.042744,2
"200165 - Wellington Row, Bethnal Green",51.528222,-0.069743,26
"200159 - Goldsmith's Row, Haggerston",51.531864,-0.066035,19
"200145 - Gloucester Avenue, Camden Town",51.537349,-0.147154,14
"200024 - Queensbridge Road, Haggerston",51.53385,-0.06992,29
"200239 - Old Montague Street, Whitechapel",51.51793,-0.067937,7
"200050 - Naval Row, Blackwall",51.508981,-0.00699,16
"200147 - Salmon Lane, Limehouse",51.514115,-0.033828,5
"200051 - Percival Street, Finsbury",51.526153,-0.102208,2
"200149 - Watney Street, Shadwell",51.511542,-0.056667,11
"200064 - Regent's Row , Haggerston",51.535678,-0.062546,23
"200203 - King Edward Street, St Pauls",51.51601,-0.0985,5
"200048 - Page Street, Westminster",51.493978,-0.127554,21
"200037 - Rectory Square, Stepney",51.518369,-0.043371,6
"200141 - Westfield Ariel Way, White City",51.509158,-0.224103,11
"200248 - Pitfield Street Central, Hoxton",51.53213,-0.08299,15
"200061 - Westfield Southern Terrace ,Shepherd's Bush",51.506256,-0.218337,28
"200026 - Greenland Road, Camden Town",51.539099,-0.141728,35
"200246 - Eagle Wharf Road, Hoxton",51.53356,-0.09315,21
"200247 - Globe Town Market, Bethnal Green",51.528869,-0.047548,0
"200244 - Hollybush Gardens, Bethnal Green",51.527607,-0.057133,30
"200060 - Drayton Gardens, West Chelsea",51.487196,-0.179369,4
"200236 - Greenberry Street, St.John's Wood",51.53256,-0.16862,4
"200058 - Northdown Street, King's Cross",51.531066,-0.11934,18
"200226 - Kingsway Southbound, Strand",51.513875,-0.117774,21
"200142 - Hammersmith Road, Hammersmith",51.493267,-0.21985,15
"200237 - Parson's Green , Parson's Green",51.472817,-0.199783,19
"200229 - Fulham Park Road, Fulham",51.473471,-0.20782,21
"200235 - Manbre Road, Hammersmith",51.485743,-0.223616,9
"200136 - BBC White City, White City",51.514767,-0.225787,14
"200211 - Union Grove, Wandsworth Road",51.472993,-0.133972,25
"200137 - Caldwell Street, Stockwell",51.477839,-0.116493,25
"200198 - Seymour Place, Marylebone",51.520331,-0.163667,27
"200218 - Addison Road, Holland Park",51.504199,-0.210941,19
"200224 - Colet Gardens, Hammersmith",51.491093,-0.216493,24
"200208 - Sugden Road, Clapham",51.46512358,-0.157788279,2
"200222 - Danvers Street, West Chelsea",51.48256792,-0.172078187,9
"200067 - Princedale Road , Holland Park",51.50646524,-0.208486599,18
"200175 - Wandsworth Rd, Isley Court, Wandsworth Road",51.46925984,-0.141812513,11
"200214 - Woodstock Grove, Shepherd's Bush",51.50403821,-0.217400093,19
"200098 - Aintree Street, Fulham",51.48102131,-0.209973497,4
"200028 - Elysium Place, Fulham",51.47107905,-0.207842908,0
"300003 - Eel Brook Common, Walham Green",51.47625965,-0.193254007,3
"300012 - Irene Road, Parsons Green",51.4737636,-0.197010096,15
"300010 - Surrey Lane, Battersea",51.47518024,-0.167160736,3
"200091 - Wandsworth Town Station, Wandsworth",51.46086446,-0.187427294,19
"200172 - Lansdowne Road, Ladbroke Grove",51.50748124,-0.205535908,20
"200186 - Nantes Close, Wandsworth",51.46193072,-0.180791784,4
"200173 - Courland Grove, Wandsworth Road",51.4729184,-0.132102704,21
"200190 - Queen's Circus, Battersea Park",51.47761941,-0.149551631,16
"300008 - Normand Park, West Kensington",51.48438657,-0.20481514,19
"200187 - Morie Street, Wandsworth",51.45995384,-0.190184054,9
"200194 - Clarence Walk, Stockwell",51.47073264,-0.126994068,1
"200183 - Battersea Park Road, Nine Elms",51.4795017,-0.141770709,21
"200176 - Sheepcote Lane, Battersea",51.47053858,-0.163041605,19
"200116 - Vereker Road, West Kensington",51.48959104,-0.209378594,3
"300002 - Brook Green South, Brook Green",51.49434708,-0.215804559,11
"200215 - Greyhound Road, Hammersmith",51.48606206,-0.214428378,2
"200180 - South Park, Sands End",51.46706414,-0.193502076,2
"200191 - Spencer Park, Wandsworth Common",51.45787019,-0.174691623,3
"200179 - Silverthorne Road, Battersea",51.47286577,-0.148059277,15
"300025 - Archbishop's Park, Waterloo",51.49824168,-0.117495865,15
"200192 - Fawcett Close, Battersea",51.46916161,-0.174485792,9
"200182 - Rainville Road, Hammersmith",51.48373225,-0.223852256,10
"200178 - Buckingham Gate, Westminster",51.49886563,-0.137424571,11
"200181 - Richmond Way, Shepherd's Bush",51.50035306,-0.217515071,17
"200171 - Peterborough Road, Sands End",51.46904022,-0.19627483,17
"300009 - World's End Place, West Chelsea",51.48180515,-0.18027465,18
"300030 - Thorndike Close, West Chelsea",51.48089844,-0.183853573,15
"300022 - Evesham Street, Avondale",51.51148696,-0.218190203,27
"200196 - Simpson Street, Clapham Junction",51.47084722,-0.17070367,17
"200221 - Crabtree Lane, Fulham",51.48294452,-0.219346128,13
"200220 - Blythe Road West, Shepherd's Bush",51.49968,-0.221791551,5
"300005 - Ethelburga Estate, Battersea Park",51.47729232,-0.16478637,26
"200212 - Blackfriars Station, St. Paul's",51.511934,-0.10307894,11
"200124 - Clarendon Road, Avondale",51.51323001,-0.211593602,15
"300013 - Austin Road, Battersea Park",51.474376,-0.155442787,19
"200113 - Smugglers Way, Wandsworth",51.46108367,-0.191722864,0
"200209 - Shepherd's Bush Road North, Shepherd's Bush",51.5015946,-0.222293381,23
"300037 - Ravenscourt Park Station, Hammersmith",51.49422354,-0.236769936,26
"300036 - Teversham Lane, Stockwell",51.47614939,-0.1232585,27
"200169 - Ashley Crescent, Battersea",51.46718562,-0.152248582,5
"300052 - Parsons Green Station, Parsons Green",51.475089,-0.201968,30
"300051 - Hibbert Street, Battersea",51.46517078,-0.18038939,1
"300035 - Carnegie Street, King's Cross",51.53546778,-0.11619105,22
"200126 - Usk Road, Clapham Junction",51.46348914,-0.182126248,0
"200207 - Hartington Road, Stockwell",51.47787084,-0.126874471,13
"200023 - Heath Road, Battersea",51.46866929,-0.146544642,13
"200170 - Esmond Street, Putney",51.46231278,-0.211468596,11
"200114 - Orbel Street, Battersea",51.47453545,-0.170210533,17
"200210 - Westbridge Road, Battersea",51.47768469,-0.170329317,17
"200043 - Bishop's Avenue, Fulham",51.47303687,-0.214749808,37
"200188 - Neville Gill Close, Wandsworth",51.45475251,-0.195197203,18
"200219 - Osiers Road, Wandsworth",51.46067005,-0.198735357,5
"200097 - Beryl Road, Hammersmith",51.48814438,-0.222456468,19
"200204 - Northfields, Wandsworth",51.46095151,-0.20066766,7
"200199 - Stanley Grove, Battersea",51.47047503,-0.152130083,3
"200184 - Erin Close, Walham Green",51.47946386,-0.195777222,19
"200112 - Cadogan Close, Victoria Park",51.54211855,-0.028941601,19
"300019 - Felsham Road, Putney",51.464786,-0.215618902,16
"300033 - Putney Rail Station, Putney",51.46071722,-0.216526155,12
"300031 - Islington Green, Angel",51.53638435,-0.102757578,10
"300018 - Charing Cross Hospital, Hammersmith",51.48728535,-0.217995921,5
"200121 - Shoreditch Court, Haggerston",51.53908372,-0.070329419,23
"200201 - Battersea Church Road, Battersea",51.47696496,-0.174347066,8
"200213 - Durant Street, Bethnal Green",51.52868155,-0.065550321,13
"200063 - Mexfield Road, East Putney",51.45682071,-0.202802098,4
"200193 - Snowsfields, London Bridge",51.50215353,-0.083632928,31
"200197 - Barons Court Station, West Kensington",51.49021762,-0.215087092,9
"300045 - Albert Bridge Road, Battersea Park",51.47439218,-0.163347594,4
"300028 - Everington Street, Fulham",51.48335692,-0.216305546,14
"300056 - Mile End Stadium, Mile End",51.51854104,-0.034903714,9
"300055 - Stewart's Road, Wandsworth Road",51.47311696,-0.137235175,10
"300049 - Aylward Street, Stepney",51.51563007,-0.049067243,1
"300024 - Dunston Road , Haggerston",51.53658514,-0.075885686,26
"300040 - Ada Street, Hackney Central",51.53571683,-0.060291813,45
"300011 - Victoria Park Road, Hackney Central",51.53642464,-0.054162264,21
"300038 - Star Road, West Kensington",51.48724429,-0.205279052,10
"300039 - Wendon Street, Old Ford",51.53603947,-0.026262677,1
"300041 - Finnis Street, Bethnal Green",51.52458353,-0.058631453,3
"300053 - Stephendale Road, Sands End",51.46822047,-0.190346493,6
"300046 - Alma Road, Wandsworth",51.45799126,-0.184806157,5
"300050 - Walworth Square, Walworth",51.491327,-0.096518684,16
"300047 - Alfreda Street, Battersea Park",51.47505096,-0.150908371,1
"300044 - Putney Bridge Road, East Putney",51.46199911,-0.206240805,9
"300043 - St. Peter's Terrace, Fulham",51.47893931,-0.208485293,9
"300082 - Bridge Avenue, Hammersmith",51.49208492,-0.229116862,18
"300083 - Duke Street Hill, London Bridge",51.50630441,-0.087262995,21
"300093 - Park Lane, Mayfair",51.50542628,-0.150817316,7
"200120 - Grant Road East, Clapham Junction",51.46489445,-0.17302926,28
"300088 - Queensdale Road, Shepherd's Bush",51.50659035,-0.216104479,20
"300086 - Fulham Broadway, Walham Green",51.47993289,-0.19411695,10
"300087 - Imperial Road, Sands End",51.47514228,-0.187278987,24
"300091 - Hortensia Road, West Brompton",51.48176572,-0.185273723,10
"300084 - Sirdar Road, Avondale",51.51092871,-0.214594781,15
"300085 - Freston Road, Avondale",51.5129814,-0.219486603,21
"300078 - Oxford Road, Putney",51.46079243,-0.212607684,6
"300077 - Ingrave Street, Clapham Junction",51.46745485,-0.172293499,13
"300075 - Upcerne Road, West Chelsea",51.47816972,-0.18243547,13
"300076 - Lots Road, West Chelsea",51.4795738,-0.17903854,3
"300089 - Ormonde Gate, Chelsea",51.48796408,-0.161765173,22
"300092 - Hertford Road, De Beauvoir Town",51.53727795,-0.079201849,8
"300081 - Haggerston Road, Haggerston",51.53932857,-0.074284675,34
"300080 - Culvert Road, Battersea",51.4710956,-0.157850096,4
"300074 - Newton Street, Covent Garden",51.51612862,-0.120909408,23
"300079 - London Street, Paddington",51.515117,-0.17371276,5
"300067 - Grenfell Road, Avondale",51.5129006,-0.214762686,17
"300058 - The Vale, Chelsea",51.48512191,-0.174971902,22
"300073 - Prince of Wales Drive, Battersea Park",51.47515398,-0.159169801,16
"300069 - Harcourt Terrace, West Brompton",51.48795853,-0.187404506,20
"300072 - Broadley Terrace, Marylebone",51.52456169,-0.165668686,11
"300068 - Humbolt Road, Fulham",51.48321729,-0.211860644,3
"300027 - Mile End Park Leisure Centre, Mile End",51.52059714,-0.032566533,5
"300064 - Ranelagh Gardens, Fulham",51.46760141,-0.20682737,38
"200079 - Ram Street, Wandsworth",51.45752945,-0.192165613,7
"200177 - Santos Road, Wandsworth",51.45705988,-0.200806304,5
"300001 - Sandilands Road, Walham Green",51.473611,-0.191803,16
"300097 - Gwendwr Road, West Kensington",51.491026,-0.209121,13
"300007 - Rifle Place, Avondale",51.509224,-0.216016,16
"300015 - Binfield Road, Stockwell",51.47250956,-0.122831913,18
"300098 - Hurlingham Park, Parsons Green",51.470131,-0.20464,9
"300101 - Little Brook Green, Brook Green",51.496664,-0.223868,24
"300100 - Limburg Road, Clapham Junction",51.4619230679,-0.165297856693,9
"300070 - Imperial Wharf Station, Sands End",51.474665,-0.18316517,12
"300032 - Victoria & Albert Museum, South Kensington",51.495898,-0.173009,30
"300210 - Halford Road, West Kensington",51.483911,-0.19760944,24
"300213 - Monier Road, Hackney Wick",51.5403115,-0.021630359,7
"300200 - East Village, Queen Elizabeth Olympic Park",51.546326,-0.00993526,1
"300233 - Aquatic Centre, Queen Elizabeth Olympic Park",51.54094,-0.010510565,63
"300227 - Timber Lodge, Queen Elizabeth Olympic Park",51.546805,-0.01469126,1
"300226 - Copper Box Arena, Queen Elizabeth Olympic Park",51.544909,-0.0205426,1
"300234 - Stratford Station, Stratford",51.541793,-0.00481,24
"300214 - Blackfriars Road, Southwark",51.505461,-0.10454093,18
"300205 - Cromer Street, Bloomsbury",51.528279,-0.11955857,23
"300204 - Victoria Rise, Clapham Common",51.461376,-0.14780467,8
"300201 - Coram Street, Bloomsbury",51.524,-0.12640984,16
"300211 - Ossulston Street, Somers Town",51.5293,-0.12827903,25
"300212 - Birkenhead Street, King's Cross",51.5301998755,-0.122299440803,20
"300202 - Kings Gate House, Westminster",51.4976984561,-0.137598896295,24
"300248 - Sopwith Way, Battersea Park",51.4811219398,-0.149035374873,19
"300208 - Lavington Street, Bankside",51.5052241745,-0.0980318118664,29
"300209 - Albert Square, Stockwell",51.4765900593,-0.118256789081,6
"300238 - Southwark Street, Bankside",51.5054099403,-0.0983410884509,21
"300243 - Good's Way, King's Cross",51.5346677396,-0.125078652873,20
"300244 - The Metropolitan, Portobello",51.520509,-0.20080483,9
"300241 - Handyside Street, King's Cross",51.5372405623,-0.124807385707,8
"300236 - Bevington Road West, North Kensington",51.5212,-0.208888173,12
"300207 - Gauden Road, Clapham",51.464995,-0.13090885,1
"300240 - Lincoln's Inn Fields, Holborn",51.5162778834,-0.118272991635,15
"300237 - Tate Modern, Bankside",51.5067252868,-0.0988072461627,25
"300228 - Westferry Circus, Canary Wharf",51.5057030357,-0.0277727426235,14
"300217 - Here East North, Queen Elizabeth Olympic Park",51.5487311915,-0.0226065549321,6
"300224 - New Spring Gardens Walk, Vauxhall",51.4878074485,-0.122759625866,36
"300245 - Clapham Road, Lingham Street, Stockwell",51.4714330677,-0.123670735702,10
"300219 - Here East South, Queen Elizabeth Olympic Park",51.5465327935,-0.0205975904647,13
"300232 - Riverlight South, Nine Elms",51.4813354746,-0.138212295869,6
"300239 - Victory Place, Walworth",51.492807,-0.091938,10
"300221 - Battersea Power Station, Battersea Park",51.4835074867,-0.147714557371,24
"300242 - Allington Street, Victoria",51.496863,-0.1429434,25
"300247 - Cranmer Road, Stockwell",51.479601,-0.11147178,5
"300225 - Normandy Road, Stockwell",51.473874,-0.11258096,15
"300230 - Wynne Road, Stockwell",51.469217,-0.11268674,11
"300229 - Sidney Road, Stockwell",51.469202,-0.11902256,12
"300215 - St John's Crescent, Brixton",51.466232,-0.11317995,24
"200240 - Ferndale Road, Brixton",51.464019,-0.11578197,29
"300206 - Saltoun Road, Brixton",51.460232,-0.11537509,35
"300216 - Gas Holders, Battersea Park",51.477966,-0.14785703,25
"300220 - Farringdon Street, Holborn",51.516785,-0.10494775,3
"300235 - York Way, Kings Cross",51.541596,-0.12544145,15
"300222 - Fore Street Avenue, Guildhall",51.518093,-0.0914017,8
"200144 - Sea Containers, South Bank",51.508033,-0.10682363,11
"002667 - Tower Wharf, Bermondsey",51.500845,-0.074704305,19
"300252 - Canada Water Station, Rotherhithe",51.498439,-0.049150215,18
"300029 - Lee Valley VeloPark, Queen Elizabeth Olympic Park",51.549369,-0.015717614,17
"300060 - Brandon Street, Walworth",51.489102,-0.0915489,10
"300063 - Burgess Park Albany Road, Walworth",51.48224,-0.0942844,4
"200049 - St. Katharine's Way, Tower",51.505697,-0.070542,7
"300023 - All Saints Church, Portobello",51.51632095,-0.202608612,11
"200015 - Ladbroke Grove Central, Ladbroke Grove",51.511624,-0.205921,5
"200065 - Lansdowne Walk, Ladbroke Grove",51.509591,-0.204666,8
"300034 - St. Mark's Road, North Kensington",51.51687069,-0.213872396,1
"001016 - Hereford Road, Bayswater",51.513735,-0.193487,1
"001182 - Notting Hill Gate Station, Notting Hill",51.50935342,-0.196422,1
"002682 - Turquoise Island, Notting Hill",51.51431171,-0.200838199,15
"300026 - All Saints' Road, Portobello",51.5190427,-0.204764421,10
"300090 - Blenheim Crescent, Ladbroke Grove",51.51510818,-0.208565479,3
"001221 - St. George Street, Mayfair",51.51196,-0.142783033,17
"001114 - Pont Street, Knightsbridge",51.4968865,-0.161203828,21
"200045 - Garnet Street, Shadwell",51.508447,-0.055167,9
"001230 - Millennium Hotel, Mayfair",51.5109192966489,-0.1511263847351,3
"001013 - St. Chad's Street, King's Cross",51.53005939,-0.120973687,13
"003420 - Sedding Street, Sloane Square",51.49313,-0.156876,18
"003424 - Broadcasting House, Marylebone",51.51811784,-0.144228881,11
"003422 - Charlbert Street, St. John's Wood",51.53430039,-0.1680743,2
"003423 - Maida Vale, Maida Vale",51.529857,-0.18348604,9
"000970 - Scala Street, Fitzrovia",51.51991453,-0.136039674,1
"000988 - Great Russell Street, Bloomsbury",51.51772703,-0.127854211,15
"003426 - Lansdowne Drive, Hackney Central",51.539834,-0.062806212,15
"003425 - Northington Street , Holborn",51.5222641,-0.114079481,2
"003421 - Red Lion Square, Holborn",51.51943538,-0.119123345,5
"001004 - Doric Way , Somers Town",51.5288338,-0.132250369,17
"003427 - Fanshaw Street, Hoxton",51.52953709,-0.083353323,9
"003428 - Pancras Road, King's Cross",51.5341235,-0.129386874,11
"003444 - Penywern Road, Earl's Court",51.49159394,-0.192369256,9
"003442 - Abingdon Villas, Kensington",51.4973875,-0.197245586,4
"001083 - Commercial Street, Shoreditch",51.52127071,-0.0755789,16
"000979 - Wenlock Road , Hoxton",51.53099181,-0.093903825,8
"003437 - Curzon Street, Mayfair",51.50706909,-0.145904427,4
"000986 - Finsbury Library , Finsbury",51.52671796,-0.104298194,11
"000967 - Golden Lane, Barbican",51.52174785,-0.094475072,12
"000974 - Guilford Street , Bloomsbury",51.52334672,-0.120202614,14
"001017 - Great Dover Street, The Borough",51.49738251,-0.089446947,21
"000990 - Cotton Garden Estate, Kennington",51.4907579,-0.106323685,21
"000989 - Murray Grove , Hoxton",51.53089041,-0.089782579,11
"000969 - Gower Place , Euston",51.52522753,-0.13518856,6
"000985 - Hatton Garden, Holborn",51.51882555,-0.108028472,12
"000983 - Euston Road, Euston",51.5262363,-0.134407652,21
"001066 - Calshot Street , King's Cross",51.53136059,-0.117069978,9
"003432 - Farringdon Lane, Clerkenwell",51.52352001,-0.108340165,15
"001000 - Vauxhall Cross, Vauxhall",51.48591714,-0.124469948,17
"000976 - Longford Street, The Regent's Park",51.52559505,-0.144083893,1
"003433 - Sadlers Sports Centre, Finsbury",51.52486887,-0.099489485,1
"003448 - Webber Street , Southwark",51.50069361,-0.102091246,27
"003450 - Great Titchfield Street, Fitzrovia",51.52025302,-0.141327271,0
"003452 - Panton Street, West End",51.50963938,-0.131510949,9
"003449 - Breams Buildings, Holborn",51.51593725,-0.111778348,6
"000994 - Tanner Street, Bermondsey",51.50064702,-0.078600401,35
"003434 - Sancroft Street, Vauxhall",51.48947903,-0.115156562,18
"003438 - Devonshire Square, Liverpool Street",51.51646835,-0.079684557,3
"001006 - Bayley Street , Bloomsbury",51.51858757,-0.132053392,15
"003439 - Tavistock Place, Bloomsbury",51.5262503,-0.123509611,12
"001076 - Walnut Tree Walk, Vauxhall",51.49368637,-0.111014912,6
"001082 - Borough Road, Elephant & Castle",51.49889832,-0.100440521,40
"001070 - Bricklayers Arms, Borough",51.49506109,-0.085814489,15
"003447 - Gloucester Road (North), Kensington",51.49792478,-0.183834706,4
"000972 - Hampstead Road, Euston",51.52554222,-0.138231303,5
"001059 - Albert Embankment, Vauxhall",51.49043573,-0.122806861,12
"003441 - Vicarage Gate, Kensington",51.50472376,-0.192538767,6
"001061 - Stonecutter Street, Holborn",51.51580998,-0.105270275,1
"003435 - Gloucester Road (Central), South Kensington",51.49646288,-0.183289032,0
"001062 - Braham Street, Aldgate",51.51423368,-0.073537654,2
"000998 - Lollard Street, Vauxhall",51.49288067,-0.114934001,11
"000964 - Bath Street, St. Luke's",51.52589324,-0.090847761,11
"001086 - Baker Street, Marylebone",51.51891348,-0.156166631,10
"001068 - Norton Folgate, Liverpool Street",51.52111369,-0.078869751,20
"000992 - St. John Street, Finsbury",51.52836014,-0.104724625,3
"001069 - Eaton Square, Belgravia",51.49654462,-0.150905245,9
"001063 - Wood Street, Guildhall",51.51700801,-0.09388536,4
"003451 - Golden Square, Soho",51.5118973,-0.137043852,12
"001005 - Eversholt Street , Camden Town",51.53300545,-0.136792671,1
"003436 - Derry Street, Kensington",51.50136494,-0.191462381,17
"001078 - Lambeth Road, Vauxhall",51.49488108,-0.117974901,0
"001003 - Chapel Place, Marylebone",51.51530805,-0.147203711,11
"000965 - Tachbrook Street, Victoria",51.49211134,-0.138364847,5
"001073 - Kennington Road Post Office, Oval",51.48478899,-0.110683213,8
"001002 - Holy Trinity Brompton, Knightsbridge",51.49705603,-0.168917077,22
"000966 - New Kent Road, The Borough",51.49443626,-0.092921165,10
"001094 - Wright's Lane, Kensington",51.50039792,-0.193068385,35
"001178 - Cleveland Gardens, Bayswater",51.515607,-0.183118788,10
"001057 - Hardwick Street, Clerkenwell",51.5278427,-0.1080682,16
"000997 - Worship Street, Shoreditch",51.521668,-0.079608554,4
"001173 - Gloucester Terrace, Bayswater",51.51791921,-0.188098863,5
"001166 - Bell Street , Marylebone",51.52202903,-0.165842551,5
"001165 - Riverlight North, Nine Elms",51.482362,-0.13612398,16
"001174 - Alderney Street, Pimlico",51.48805753,-0.140741432,6
"001172 - Queen's Gate (South), South Kensington",51.49247977,-0.178433004,16
"001104 - Claremont Square, Angel",51.53166681,-0.109914711,11
"001106 - Rampayne Street, Pimlico",51.48997562,-0.132845681,1
"000961 - Union Street, The Borough",51.50368837,-0.098497684,2
"001105 - LMU Commercial Road, Whitechapel",51.51492456,-0.066078037,12
"001171 - New Road 1 , Whitechapel",51.518154,-0.062697,25
"001175 - Mallory Street, Marylebone",51.52505151,-0.166304359,12
"003454 - Denyer Street, Knightsbridge",51.49358391,-0.165101392,30
"003487 - Campden Hill Road, Notting Hill",51.50658458,-0.199004026,3
"001170 - Horseferry Road, Westminster",51.49481649,-0.13045856,7
"001081 - Liverpool Road (N1 Centre), Angel",51.53450449,-0.106992706,2
"001099 - Frampton Street, Paddington",51.5233534,-0.175116099,3
"001103 - Gloucester Street, Pimlico",51.49096258,-0.139625122,7
"001091 - St. John's Wood Church, The Regent's Park",51.530529,-0.167515,2
"003440 - Royal Avenue 1, Chelsea",51.489932,-0.162727,8
"001194 - Westminster University, Marylebone",51.52248185,-0.154907218,4
"001180 - Bourne Street, Belgravia",51.490959,-0.1532331,12
"001095 - LSBU (Borough Road), Elephant & Castle",51.49874469,-0.103132904,34
"001184 - St. Mary Axe, Aldgate",51.51422502,-0.080660083,3
"001087 - Belgrave Road, Victoria",51.49320445,-0.144132875,29
"001191 - Barbican Centre, Barbican",51.52004497,-0.092176447,8
"001142 - Tooley Street, Bermondsey",51.5034938,-0.07962099,25
"001077 - Royal London Hospital, Whitechapel",51.518675,-0.06111,37
"001187 - St. John's Wood Road, St. John's Wood",51.5272947,-0.174653609,14
"001206 - Montpelier Street, Knightsbridge",51.49888404,-0.165471605,14
"200069 - Knaresborough Place, Earl's Court",51.49363156,-0.190603326,6
"001196 - Vincent Square, Westminster",51.49398524,-0.136928582,6
"001189 - Long Lane , Bermondsey",51.49907558,-0.085666316,11
"001197 - Sackville Street, Mayfair",51.51004801,-0.138846453,12
"001200 - Ontario Street, Elephant & Castle",51.49652013,-0.101384068,5
"001158 - St. Martin's Street, West End",51.50908747,-0.129697889,5
"001203 - Eastbourne Mews, Paddington",51.51641749,-0.179135079,24
"001188 - London Zoo Car Park, The Regent's Park",51.53692216,-0.150181444,11
"010627 - Grosvenor Square, Mayfair",51.51217033,-0.150481272,9
"010623 - Greycoat Street , Westminster",51.49459148,-0.134234258,12
"002694 - Clapham Common Station, Clapham Common",51.461388,-0.13922146,13
"002685 - South Kensington Station, South Kensington",51.494412,-0.173881,6
"002691 - Howland Street, Fitzrovia",51.520994,-0.139016,1
"002686 - Royal College Street, Camden Town",51.536264,-0.133952,7
"003507 - Store Street, Bloomsbury",51.519572,-0.13214036,1
"002690 - City Road, Angel",51.530344,-0.100168,31
"010632 - Kensington Town Hall, Kensington",51.50194596,-0.194392952,5
"002669 - Charlotte Street, Fitzrovia",51.51953043,-0.13577731,14
"002703 - Fire Brigade Pier, Vauxhall",51.49369988,-0.121394101,3
"002699 - Snow Hill, Farringdon",51.51733427,-0.103604248,3
"002698 - Aberdeen Place, St. John's Wood",51.524826,-0.176268,1
"002695 - Cadogan Gardens, Chelsea",51.492462,-0.159919,8
"002693 - Shouldham Street, Marylebone",51.51809,-0.163609,6
"010631 - Holland Park, Kensington",51.502319,-0.200742,12
"002687 - Brick Lane Market, Shoreditch",51.52261762,-0.071653961,8
"002701 - Columbia Road, Shoreditch",51.528187,-0.075375,0
"010625 - Penfold Street, Marylebone",51.52289229,-0.171681991,5
"010630 - George Place Mews, Marylebone",51.51689296,-0.158249929,8
"001107 - Gloucester Road Station, South Kensington",51.49418566,-0.18267094,14
"001058 - Edgware Road Station, Marylebone",51.519968,-0.169774,44
"010629 - Rotherhithe Roundabout, Rotherhithe",51.499169,-0.055846029,9
"010628 - Cleaver Street, Kennington",51.488105,-0.110121,3
"022160 - Chelsea Bridge, Pimlico",51.485821,-0.149004,6
"022164 - Eaton Square (South), Belgravia",51.49456127,-0.15393398,17
"022159 - Ebury Bridge, Pimlico",51.490491,-0.149186,15
"022161 - Vincent Street, Pimlico",51.493072,-0.129925,5
"022182 - South Parade, Chelsea",51.48902,-0.17524,5
"022183 - Crinan Street, King's Cross",51.534474,-0.122203,15
"022169 - Wren Street, Holborn",51.524564,-0.116279,0
"022170 - Kennington Station, Kennington",51.488852,-0.105593,10
"200003 - Cheshire Street, Bethnal Green",51.52388,-0.065076,18
"022165 - Fisherman's Walk West, Canary Wharf",51.50623,-0.02296,3
"200002 - Jubilee Street, Stepney",51.515975,-0.053177,2
"200118 - Parkway, Camden Town",51.538071,-0.144664,30
"200123 - Burdett Road, Mile End",51.516196,-0.029138,30
"200105 - Bonny Street, Camden Town",51.541603,-0.138853,26
"200093 - Thurtle Road, Haggerston",51.534776,-0.071881,8
"200082 - St. Mary & St. Michael Church, Stepney",51.51417,-0.052099,13
"022178 - Lindfield Street, Poplar",51.513757,-0.020467,20
"200006 - Hewison Street, Old Ford",51.533283,-0.028155,6
"022167 - Millharbour, Millwall",51.496137,-0.019355,8
"200004 - Lightermans Road, Millwall",51.499041,-0.020157,6
"200115 - Flamborough Street, Limehouse",51.5128711,-0.0389866,6
"022166 - Albert Gardens, Stepney",51.51328,-0.047784,2
"022172 - Bromley High Street, Bow",51.528828,-0.013258,6
"022173 - Old Ford Road, Bethnal Green",51.531127,-0.048017,5
"022174 - Granby Street, Shoreditch",51.525645,-0.069543,26
"022175 - Canton Street, Poplar",51.511811,-0.025626,11
"022176 - Reardon Street, Wapping",51.506946,-0.058681,7
"200090 - Pennington Street, Wapping",51.508622,-0.065006,9
"200073 - Cephas Street, Bethnal Green",51.522561,-0.054883,2
"200131 - Clarkson Street, Bethnal Green",51.528692,-0.059091,12
"200083 - Pritchard's Road, Bethnal Green",51.532091,-0.06142,6
"200080 - Russell Gardens, Olympia",51.500088,-0.211316,10
"200089 - Chrisp Street Market, Poplar",51.5112,-0.014438,12
"200088 - Clarges Street, Mayfair",51.507326,-0.145827,1
"200134 - Albany Street, The Regent's Park",51.528302,-0.144466,12
"200070 - Arlington Road, Camden Town",51.539957,-0.145246,24
"200127 - East India DLR, Blackwall",51.509474,-0.002275,19
"200076 - Westminster Bridge Road, Elephant & Castle",51.498386,-0.107913,24
"200132 - Gaywood  Street, Elephant & Castle",51.49605,-0.104193,21
"200102 - Harford Street, Mile End",51.521564,-0.039264,10
"200078 - Aberfeldy Street, Poplar",51.513548,-0.005659,8
"200074 - Bury Place, Holborn",51.51746,-0.12335,6
"200135 - Selby Street, Whitechapel",51.521905,-0.063386,11
"200110 - Bishop's Bridge Road West, Bayswater",51.51616,-0.18697,2
"200099 - Upper Bank Street, Canary Wharf",51.503083,-0.017676,15
"200001 - Limerston Street, West Chelsea",51.485587,-0.18119,2
"200109 - Alpha Grove, Millwall",51.497304,-0.022793,7
"200084 - Doddington Grove, Kennington",51.48692917,-0.102996299,23
"200005 - New Cavendish Street, Marylebone",51.519167,-0.147983,11
"200086 - Ilchester Gardens, Bayswater",51.51244,-0.19096,0
"200092 - Mudchute DLR, Cubitt Town",51.490645,-0.014582,12
"200101 - Monument Street, Monument",51.50964,-0.08497,3
"200108 - Bishop's Bridge Road East, Bayswater",51.5171,-0.18377,8
"200133 - South Lambeth Road, Vauxhall",51.481747,-0.124642,2
"200125 - Putney Bridge Station, Fulham",51.468814,-0.210279,19
"200025 - London Fields, Hackney Central",51.54119,-0.058826101,21
"200029 - Finlay Street, Fulham",51.4768851,-0.215895601,1
"200007 - Holden Street, Battersea",51.4687905,-0.158230901,2
"200062 - William Morris Way, Sands End",51.46881971,-0.184318843,7
"200040 - Broomhouse Lane, Parsons Green",51.46841875,-0.199135704,17
"200059 - Crisp Road, Hammersmith",51.48810829,-0.22660621,44
"200119 - Dorothy Road, Clapham Junction",51.46506424,-0.163750945,23
"200106 - Spanish Road, Clapham Junction",51.45922541,-0.180884959,12
"200129 - Charlotte Terrace, Angel",51.53639219,-0.112721065,12
"200057 - Belford House, Haggerston",51.5366541,-0.07023031,12
"200077 - Vicarage Crescent, Battersea",51.47287627,-0.176267008,12
"200094 - St. Bride Street, Holborn",51.51505991,-0.10534448,1
"200122 - Hawley Crescent, Camden Town",51.54100708,-0.14326094,15
"300094 - Plough Terrace, Clapham Junction",51.46230566,-0.175407201,4
"200185 - St. John's Road, Clapham Junction",51.46239255,-0.16829214,29
"300065 - Clapham Common North Side, Clapham Common",51.46134382,-0.159322467,4
"200072 - Houndsditch, Aldgate",51.514449,-0.077178979,16
"002679 - George Row, Bermondsey",51.498585,-0.068981764,2
"300253 - Bermondsey Station, Bermondsey",51.497995,-0.063471392,20
"001162 - Dorset Square, Marylebone",51.5225965,-0.161113413,4
"000963 - Bankside Mix, Bankside",51.50581776,-0.100186337,37
"001201 - Bank of England Museum, Bank",51.51444134,-0.087587447,10
"001085 - Old Quebec Street, Marylebone",51.51457763,-0.158264483,11
"200195 - St Martins Close, Camden Town",51.538792,-0.138535,3
"200034 - Wapping Lane, Wapping",51.504749,-0.057544,28
"200232 - Preston's Road, Cubitt Town",51.499286,-0.009152,5
"001208 - Dickens Square, Borough",51.49679128,-0.093913472,32
"022180 - Cheapside, Bank",51.51397065,-0.09294031,10
"001096 - Bayswater Road, Hyde Park",51.511933,-0.174411,10
"001217 - Serpentine Car Park, Hyde Park",51.505014,-0.17306032,5
"200096 - Green Park Station, Mayfair",51.506613,-0.142844,10
"001110 - Palace Gate, Kensington Gardens",51.50204238,-0.184400221,10
"001075 - Hyde Park Corner, Hyde Park",51.50311799,-0.153520935,16
"000981 - British Museum, Bloomsbury",51.51908011,-0.124678402,24
"001109 - Wellington Arch, Hyde Park",51.50274025,-0.149569201,11
"001220 - Imperial College, Knightsbridge",51.49942855,-0.179702476,20
"001231 - Queen's Gate, Kensington Gardens",51.5017154373867,-0.1798541843891,8
"001001 - West Cromwell Road, Earl's Court",51.49372451,-0.198286569,12
"200166 - Southerton Road, Hammersmith",51.494499,-0.228188,37
"001204 - Queen's Gate (North), Kensington",51.50102668,-0.180246101,5
"001101 - Knightsbridge, Hyde Park",51.50275704,-0.155349725,28
"300020 - West Kensington Station, West Kensington",51.49087074,-0.206029743,13
"300048 - Stainsby Road , Poplar",51.51542791,-0.02356501,1
"001132 - Albert Gate, Hyde Park",51.50295379,-0.158456089,25
"200231 - Abingdon Green, Westminster",51.49764,-0.12597218,19
"001137 - Harper Road, The Borough",51.49859784,-0.096191134,41
"000996 - Borough High Street, The Borough",51.50069491,-0.094524319,21
"001195 - St. George's Square, Pimlico",51.488226,-0.135635511,10
"001098 - Lower Thames Street, Monument",51.50930161,-0.084985356,0
"001031 - Nesham Street, Wapping",51.507131,-0.06691,4
"001071 - Tower Gardens , Tower",51.50950627,-0.075459482,15
"001213 - Curlew Street, Shad Thames",51.50227992,-0.074189225,11
"002688 - Clifford Street, Mayfair",51.51066202,-0.142345694,16
"001088 - Triangle Car Park, Hyde Park",51.50645179,-0.170279555,2
"200216 - Clements Road, Bermondsey",51.4954,-0.061698585,22
"300062 - South Bermondsey Station, Bermondsey",51.488067,-0.057774596,24
"003465 - Eccleston Place, Victoria",51.49395092,-0.147624377,15
"300004 - Harris Academy, Bermondsey",51.492668,-0.072350665,12
"300059 - The Blue, Bermondsey",51.492221,-0.06251309999998966,20
"003506 - Stanhope Gate, Mayfair",51.50686435,-0.150666888,8
"001205 - Black Prince Road, Vauxhall",51.4908679,-0.116911864,12
"003430 - Central House, Aldgate",51.515231,-0.07015,17
"200205 - Montserrat Road , Putney",51.46321128,-0.215550761,22
"001041 - Westbourne Grove, Bayswater",51.51552971,-0.190240716,1
"300057 - Westbourne Park Road, Portobello",51.51787005,-0.201005397,16
"200200 - Great Suffolk Street, The Borough",51.50173215,-0.100292412,7
"200044 - New Fetter Lane, Holborn",51.517428,-0.107987,1
"001008 - Hatton Wall, Holborn",51.5216612,-0.109006325,6
"300095 - Michael Road, Walham Green",51.47727637,-0.189210466,18
"001035 - Boston Place, Marylebone",51.522511,-0.162298,9
"001060 - Torrens Street, Angel",51.53219984,-0.105480698,7
"003497 - Rathbone Street, Fitzrovia",51.51816295,-0.135025698,8
"200138 - Heron Quays DLR, Canary Wharf",51.502661,-0.021596,27
"200030 - Driffield Road, Old Ford",51.534137,-0.037366,2
"001183 - Bramham Gardens, Earl's Court",51.49016361,-0.19039362,13
"003499 - Prince Consort Road, Knightsbridge",51.49980661,-0.176415994,13
"001015 - New Globe Walk, Bankside",51.5073853,-0.096440751,18
"300042 - Upper Richmond Road, Putney",51.45971528,-0.212145939,16
"001089 - Queen's Gate (Central), South Kensington",51.49396755,-0.17873226,22
"200066 - Import Dock, Canary Wharf",51.505772,-0.016460175,31
"001027 - Warwick Avenue Station, Maida Vale",51.52334476,-0.183846408,4
"300006 - Coomer Place, West Kensington",51.4835707,-0.2020387000000028,27
"003455 - Arundel Street, Temple",51.511726,-0.11385596,13
"000984 - Finsbury Circus, Liverpool Street",51.51707521,-0.086685542,3
"010621 - Upper Grosvenor Street, Mayfair",51.51013066,-0.155757901,5
"001120 - Chepstow Villas, Notting Hill",51.51213691,-0.201554966,26
"001151 - Whitehall Place, Strand",51.50654321,-0.123179697,13
"200206 - Chicheley Street, South Bank",51.502698,-0.1167474,17
"300250 - Temple Gardens, Temple",51.510981,-0.10832249,1
"001176 - Waterloo Road, South Bank",51.50486,-0.113001,12
"002648 - Waterloo Bridge, South Bank",51.50535447,-0.113656543,14
"001072 - Waterloo Station 3, Waterloo",51.50379168,-0.11282408,24
"002692 - Waterloo Station 2, Waterloo",51.50391973,-0.11342629,40
"002696 - Waterloo Station 1, Waterloo",51.50402794,-0.11386436,31
"000959 - Milroy Walk, South Bank",51.50724437,-0.106237501,27
"000962 - Stamford Street, South Bank",51.50556905,-0.111606696,24
"300249 - Westminster Pier, Westminster",51.501513,-0.12382322,19
"001186 - Belvedere Road 1, South Bank",51.50613324,-0.114686385,20
"002635 - Concert Hall Approach 1, South Bank",51.505044,-0.115851,2
"001212 - Concert Hall Approach 2, South Bank",51.504942,-0.115533,13
"001219 - Lower Marsh, Waterloo",51.50013942,-0.113936001,16
"300246 - Belvedere Road 2, South Bank",51.50621,-0.114842,34
"001021 - Bouverie Street, Temple",51.51382102,-0.107927706,0
"001100 - Strand, Strand",51.512582,-0.1150573,24
"003472 - Colombo Street, Southwark",51.50545935,-0.10569204,0
"022162 - Southwark Station 1, Southwark",51.504043,-0.105312,27
"022163 - Southwark Station 2, Southwark",51.504044,-0.104778,35
"200202 - Storey's Gate, Westminster",51.50070305,-0.129698963,15
"300096 - Tallis Street, Temple",51.511891,-0.107349,10
"300231 - Lambeth Palace Road, Waterloo",51.5000891978,-0.116628700672,13
"001192 - Embankment (Savoy), Strand",51.50963123,-0.119047563,22
"200068 - Somerset House, Strand",51.509943,-0.117619,27
"001097 - Northumberland Avenue, Strand",51.506767,-0.123702,11
"001177 - Seville Street, Knightsbridge",51.50185512,-0.159237081,17
"300061 - Crimscott Street, Bermondsey",51.495598,-0.078893,3
"001179 - Chelsea Green, Chelsea",51.49066456,-0.166485083,12
"001147 - Clifton Road, Maida Vale",51.52557531,-0.179592915,12
"003505 - Marloes Road, Kensington",51.496481,-0.192404,7
"200071 - Hoxton Street, Hoxton",51.52959,-0.0801,23
"300021 - Podium, Queen Elizabeth Olympic Park",51.538718,-0.011889482,20
"300203 - Euston Square Gardens, Euston",51.527068,-0.13186102,18
"200189 - Phene Street, Chelsea",51.48498496,-0.167919869,20
"200151 - Hoxton Station, Hoxton",51.531091,-0.075901,13
"001160 - Craven Street, Strand",51.50810309,-0.12602103,21
"002665 - Lord's, St. John's Wood",51.5291212008901,-0.171185284853,24
"200111 - Abbotsbury Road, Holland Park",51.501391,-0.205991,10
"002589 - Pembridge Villas, Notting Hill",51.51108452,-0.197524944,7
"300014 - Falcon Road, Clapham Junction",51.46663393,-0.169821175,28
"200008 - Portman Square, Marylebone",51.516204,-0.155525,10
"001225 - George Street, Marylebone",51.517703,-0.154106,16
"000973 - Bethnal Green Road, Shoreditch",51.52364804,-0.074754872,21
"002677 - Natural History Museum, South Kensington",51.49559291,-0.179077626,39
"001199 - The Tennis Courts, The Regent's Park",51.52536703,-0.153463612,7
"001139 - Carey Street, Holborn",51.51501025,-0.112753217,4
"200217 - Disraeli Road, Putney",51.4616107,-0.2161458,29
"001193 - Kensington Gore, Knightsbridge",51.50143293,-0.178656971,5
"200223 - Ashmole Estate, Oval",51.48267821,-0.117661574,13
"001169 - Grosvenor Crescent, Belgravia",51.50135267,-0.153194766,13
"001164 - Portland Place, Marylebone",51.52071513,-0.14521173,2
"001207 - Tavistock Street, Covent Garden",51.51196803,-0.120718759,32
"022158 - Exhibition Road Museums 1, South Kensington",51.496468,-0.17379696,12
"200052 - Exhibition Road Museums 2, South Kensington",51.495947,-0.17368958,12
"003453 - Chancery Lane, Holborn",51.514274,-0.111257,10
"000999 - Queen Street 1, Bank",51.51155322,-0.0929401,7
"200128 - Queen Street 2, Bank",51.511246,-0.093051,13
"001074 - Newgate Street , St. Paul's",51.5154186,-0.098850915,4
"003469 - Cadogan Place, Knightsbridge",51.49464523,-0.158105512,23
"003493 - South Audley Street, Mayfair",51.50923,-0.15128999999998882,6
